,,,,,,,,,,Duration,,,,Duration,,,,Duration,,,
,,,,,,,,,,20,,,Duration,30,,,Duration,40,,Duration
,,,,Duration,Duration,Duration,,,,Sum,,Duration,20,Sum,,Duration,30,Sum,Duration,40
,,,,20,30,40,,Current,Current,of,Duration,20,NLG,of,Duration,30,NLG,of,40,NLG
,,,,Current,Current,Current,,Scenario,Scenario,Premium,20,NLG,Shadow,Premium,30,NLG,Shadow,Premium,NLG,Shadow
Batch,Policy,Base,Requested,Cash,Cash,Cash,Annual,Reaches,Final,Paid,NLG,Lifetime,Cash,Paid,NLG,Lifetime,Cash,Paid,Lifetime,Cash
ID,Number,Product,By,Value,Value,Value,Premium,Maturity?,Duration,NLG,Limit,Limit,Value,NLG,Limit,Limit,Value,NLG,Limit,Value
,,,helpdesk,,,,,,,,,,,,,,,,,
,700758833P,,calcfocus_mary.odonnell@calcfocus.com,,,,,,,,,,,,,,,,,
,01N1122778,,calcfocus_john.roubal@calcfocus.com,,,,,,,,,,,,,,,,,
,AM00067493,,calcfocus_mary.odonnell@calcfocus.com,,,,,,,,,,,,,,,,,
,AM00067493,,calcfocus_mary.odonnell@calcfocus.com,,,,,,,,,,,,,,,,,
,AM00067493,,calcfocus_mary.odonnell@calcfocus.com,,,,,,,,,,,,,,,,,
,,,calcfocus_mary.odonnell@calcfocus.com,,,,,,,,,,,,,,,,,
,,,calcfocus_tim.mckenna@calcfocus.com,,,,,,,,,,,,,,,,,
,,,calcfocus_mariia.cherniak@calcfocus.com,,,,,,,,,,,,,,,,,
,AM00011313,,calcfocus_mary.odonnell@calcfocus.com,,,,,,,,,,,,,,,,,
,AM00011313,,calcfocus_mary.odonnell@calcfocus.com,,,,,,,,,,,,,,,,,
,,,calcfocus_mary.odonnell@calcfocus.com,,,,,,,,,,,,,,,,,
