Waiver of Premium Report 
,,,Paid,,,,,,Benefit
Policy,Owner,Insured,To,Insured,Insured,Claim,Claim,Incurred,Start
Number,Name,Name,Date,TaxID,DOB,Number,Owner,Date,Date
05NT044761,HHNSCIIQHL CKRDTHEZIV,HHNSCIIQHL CKRDTHEZIV,2022-06-01,565-99-1681,1962-09-18,223433, ,2020-12-03,2021-05-03
05NT053635,LLVUNFMUMB AHMMBSNJJQ,LLVUNFMUMB AHMMBSNJJQ,2024-08-19,979-59-9831,1970-11-23,223502, ,2023-08-19,2204-08-19
05NTE20200,MLUONYCQXP FXXVJJVYHP,MLUONYCQXP FXXVJJVYHP,2021-12-22,378-07-6793,1965-07-25,223418, ,2020-12-05,2020-12-22
05W1000372,QWLOMRYRQB OUGXVJJSLC,QWLOMRYRQB OUGXVJJSLC,2026-04-01,661-87-1406,1966-11-29,222966, ,2012-06-29,2015-02-12
05W1005647,ANNAPXUDIH AISNNAMKQY,ANNAPXUDIH AISNNAMKQY,2026-01-31,345-09-2660,1971-02-08,222414, ,2012-02-04,2012-02-21
05W1011027,IPAGEEKKXE QWICNJDRZV,IPAGEEKKXE QWICNJDRZV,2026-04-09,324-34-1460,1959-09-08,222764, ,2008-01-01,2014-08-22
05W1015816,XBQWKMEMWV CRABHECXIX,XBQWKMEMWV CRABHECXIX,2026-01-20,585-09-5701,1971-05-04,774895891, ,2015-09-21,
05W1025290,CHCOOCUQVG WSWFKNHYVF,CHCOOCUQVG WSWFKNHYVF,2026-01-24,656-77-6832,1967-03-04,222987, ,2013-10-08,2016-02-24
05W1032685,ZNOGOALCGZ HYWOCWCUTI,ZNOGOALCGZ HYWOCWCUTI,2026-03-26,287-14-7339,1977-05-18,222623, ,2009-07-01,2013-12-15
05W1035715,YDTKUQWLQV HLLWAMHCNH,YDTKUQWLQV HLLWAMHCNH,2026-03-30,990-33-9658,1977-04-18,223082, ,2012-07-01,2016-11-30
05W1059766,TGXXRTSHHR ACJMKPSWCW,TGXXRTSHHR ACJMKPSWCW,2026-04-04,963-60-6964,1971-02-12,222149, ,2007-11-01,2010-05-26
05W1071074,QVEMWYZEVR OJCMCASQZY,QVEMWYZEVR OJCMCASQZY,2026-01-15,127-14-9108,1965-05-21,222491, ,1995-08-01,2012-03-27
05W1E01146,QJYQKBCJKA OJFYCRCNEK,QJYQKBCJKA OJFYCRCNEK,2026-01-14,701-79-5060,1960-10-26,222957, ,2010-09-01,2013-08-14
05W1E01420,EGTYMNEHXQ JFZFDAUWYD,EGTYMNEHXQ JFZFDAUWYD,2026-01-23,301-85-1285,1963-08-30,222644, ,2001-02-26,2012-03-09
05W1E01571,CLYMLXCVWV BFXVMWZGGO,CLYMLXCVWV BFXVMWZGGO,2026-02-01,845-58-9846,1958-08-13,222648, ,2008-07-01,2012-09-10
05W1E02272,QTYKGCQYSV KKXHQLGXTB,QTYKGCQYSV KKXHQLGXTB,2026-01-18,061-67-6378,1959-06-07,708849, ,2000-10-01,2000-10-25
05W1E05113,TCGZBMDFQQ DATTKURBGC,TCGZBMDFQQ DATTKURBGC,2026-01-18,669-16-7772,1961-05-25,705888, ,1995-04-24,1995-05-14
05W1E05377,DXBOPKGAIR NDEJJUUPOB,DXBOPKGAIR NDEJJUUPOB,2026-04-01,237-62-2625,1962-10-04,222441, ,2010-06-15,2011-11-25
05W1E05453,HGGMSETDKQ EEKLAVBUSF,HGGMSETDKQ EEKLAVBUSF,2026-01-13,136-98-2675,1965-09-03,222804, ,2010-01-01,2013-10-28
05W1E06158,JXLLYKCHGI YIVEKOLPRO,JXLLYKCHGI YIVEKOLPRO,2026-01-22,139-03-6224,1970-12-05,223419, ,2021-01-01,2021-01-22
05W1E09523,SCLUSETESZ TPQLFVLSHH,SCLUSETESZ TPQLFVLSHH,2026-02-23,110-97-7411,1963-09-03,223149, ,2005-12-09,2012-05-15
05W1E10324,RSLBBAZXOB CIISORRIPZ,RSLBBAZXOB CIISORRIPZ,2026-12-08,918-69-6568,1960-12-05,223072, ,2004-11-20,2016-12-08
05W1E14894,ORUWANOEDE TIMIGFHWLR,ORUWANOEDE TIMIGFHWLR,2026-02-07,279-38-3015,1963-06-22,223129, ,2016-12-01,2016-11-15
701106005,XYXRQFEGTA QJVBWEGTBY,XJBGAKATUR MSABCKRGFF,2012-02-10,265-78-3151,1961-09-04,222530_1, ,2010-10-10,2012-04-21
701830357,LHEYFEIDSD KGDVUNDBAW,LHEYFEIDSD KGDVUNDBAW,2011-10-07,334-27-1341,1967-05-13,222349, ,2011-12-02,2011-04-11
703201184,ETDOHSVXAM KZUXDZNPJD,ETDOHSVXAM KZUXDZNPJD,2014-11-23,374-97-6847,1962-06-25,222685, ,2013-05-01,2013-05-23
712184025,DXAMHYXSVY SUUQTXIVFP,DXAMHYXSVY SUUQTXIVFP,2003-03-15,258-87-0272,1947-02-04,220021, ,2002-01-14,2002-01-25
751399242,EHYVJHKDMB ISQAEWSYRM,EHYVJHKDMB ISQAEWSYRM,2010-01-30,558-86-5991,1954-06-25,221720, ,2008-06-30,2009-02-17
760430341,POYBNJFBRC FNYEANNBTO,POYBNJFBRC FNYEANNBTO,2022-12-19,374-13-2180,1952-03-13,221967, ,2007-03-12,2010-10-16
788828671,AEVQPEZLFS IRJXIYUBZS,AEVQPEZLFS IRJXIYUBZS,2012-02-21,828-50-5846,1961-09-04,222530_2, ,2010-10-10,2012-04-21
789362914,XLMBXIZYUB ZOXUEPJCJM,XLMBXIZYUB ZOXUEPJCJM,2007-09-04,844-96-0696,1960-10-25,220312, ,2000-03-01,2007-04-18
789738374,QAFWVOFLME PJDOKGDYIV,QAFWVOFLME PJDOKGDYIV,2008-09-27,924-20-6168,1960-12-03,221629, ,2003-05-12,2007-09-27
790320605C,EWWRUWANNC NHUCEPLLVW,EWWRUWANNC NHUCEPLLVW,2003-08-21,016-09-6599,1967-01-08,223151, ,2001-06-01,2001-06-03
790936936C,GRQBNIAGBR DDGTAVBVAR,GRQBNIAGBR DDGTAVBVAR,2011-02-27,720-43-1601,1963-01-25,708386, ,1998-01-04,
790989465,FMTIJWGPHP XAJSPTXJBG,FMTIJWGPHP XAJSPTXJBG,2006-02-27,205-52-4701,1959-01-16,221001, ,1995-04-07,2005-01-27
790998318,EVRXLPNWSZ CYIWKINNDA,EVRXLPNWSZ CYIWKINNDA,2026-01-28,700-00-1405,1968-01-15,223507, ,2022-06-27,2024-07-28
794877968C,GPIUZNRUXF XBNJJQBMDI,GPIUZNRUXF XBNJJQBMDI,2002-03-28,578-28-2523,1963-08-21,707432, ,1997-11-26,1997-12-23
