Conversion Report

,,,,,,,,,,,,,,,,,Paid,Billed,Next,Next,,,,
Policy,,,Base,Admin,Expected,Actual,Modal,Annual,,Overridden,Overridden,Payment,Payment,Deduction,Modal,Annual,to,to,Notice,Notice,Start,Process,Error
Number,PolicyType,Status,Product,Status,Modal,Modal,Delta,Premium,Override,Modal,Annual,Mode,Method,Amount,Fee,Fee,Date,Date,Number,Date,Date,Time,Message
02L1A15806,Variable Universal Life,Success,1V70,Active,$150.00,$150.00,$0.00,$600.00,false,$0.00,$0.00,Quarterly,Direct Bill,$0.00,$45.00,$180.00,2026-04-08,2026-04-08,First Notice/Bill,2026-03-09,2026-01-10,45684,
