Accounting Claims
Transaction,,,,,,,,,,,,,,,,,,,,,,
Creation,Transaction,Accounting,,,,,,,,,,,,,,,,,,,,
Cycle,Effective,Cycle,Accounting,Main,Sub,Account,,Claim,Claim,Payee,Batch,Transaction,Policy,Family,,,Check,Disbursement,User,Downstream,,
Date,Date,Date,Company,Account,Account,Number,Description,Type,Number,Name,Number,Type,Number,Number,Credit/Debit,Amount,Number,Method,ID,Status,Offset
2025-12-31,2025-12-31,2025-12-31,234,Claims Expense,DeathClaim,555853,DTHB - Flex Life,Death,C1000032,LAURA M WRIGHT,,Claim Payment,01N1203549,F100054998,Debit,$33330.00,,ACH Disbursement,psc-nsukumar,Delivered,false
2025-12-31,2025-12-31,2025-12-31,234,Claims Interest,Death Claim Interest,565843,Interest on DTHB - Life,Death,C1000032,LAURA M WRIGHT,,Claim Payment,01N1203549,F100054998,Debit,$175.45,,ACH Disbursement,psc-nsukumar,Delivered,false
2025-12-31,2025-12-31,2025-12-31,234,Suspense,DisbursementClearing,108127,Disbursement Clearing,Death,C1000032,LAURA M WRIGHT,,Claim Payment,01N1203549,F100054998,Credit,($33505.45),,ACH Disbursement,psc-nsukumar,Delivered,false
2025-12-31,2025-12-31,2025-12-31,030,Claims Expense,DeathClaim,951005,Excess Life Death Benefit,Death,774963846,HAILEY J THOMAS,,Claim Payment,AM00016757,F100242015,Debit,$1150.99,20003342,Check Disbursement,psc-kmani1,Delivered,false
2025-12-31,2025-12-31,2025-12-31,030,Claims Interest,Death Claim Interest,565843,Interest on DTHB - Life,Death,774963846,HAILEY J THOMAS,,Claim Payment,AM00016757,F100242015,Debit,$69.45,20003342,Check Disbursement,psc-kmani1,Delivered,false
2025-12-31,2025-12-31,2025-12-31,030,Claims Expense,SeparateAccount,951004,Life Death Benefits - Separate Account,Death,774963846,HAILEY J THOMAS,,Claim Payment,AM00016757,F100242015,Debit,$24522.44,20003342,Check Disbursement,psc-kmani1,Delivered,false
2025-12-31,2025-12-31,2025-12-31,030,Operating Bank Account,,901002,Operating Bank Account,Death,774963846,HAILEY J THOMAS,,Claim Payment,AM00016757,F100242015,Debit,$24522.43,20003342,Check Disbursement,psc-kmani1,Delivered,false
2025-12-31,2025-12-31,2025-12-31,030,Operating Bank Account,,901002,Operating Bank Account,Death,774963846,HAILEY J THOMAS,,Claim Payment,AM00016757,F100242015,Credit,($24522.43),20003342,Check Disbursement,psc-kmani1,Delivered,false
2025-12-31,2025-12-31,2025-12-31,030,Gain Loss,,901004,Gain/Loss,Death,774963846,HAILEY J THOMAS,,Claim Payment,AM00016757,F100242015,Credit,($183.30),20003342,Check Disbursement,psc-kmani1,Delivered,false
2025-12-31,2025-12-31,2025-12-31,030,Suspense,StateStreet,902002,State Street Suspense,Death,774963846,HAILEY J THOMAS,,Claim Payment,AM00016757,F100242015,Debit,$183.30,20003342,Check Disbursement,psc-kmani1,Delivered,false
2025-12-31,2025-12-31,2025-12-31,030,Gain Loss,,901004,Gain/Loss,Death,774963846,HAILEY J THOMAS,,Claim Payment,AM00016757,F100242015,Debit,$175.18,20003342,Check Disbursement,psc-kmani1,Delivered,false
2025-12-31,2025-12-31,2025-12-31,030,Suspense,StateStreet,902002,State Street Suspense,Death,774963846,HAILEY J THOMAS,,Claim Payment,AM00016757,F100242015,Credit,($175.18),20003342,Check Disbursement,psc-kmani1,Delivered,false
2025-12-31,2025-12-31,2025-12-31,030,Gain Loss,,901004,Gain/Loss,Death,774963846,HAILEY J THOMAS,,Claim Payment,AM00016757,F100242015,Credit,($119.50),20003342,Check Disbursement,psc-kmani1,Delivered,false
2025-12-31,2025-12-31,2025-12-31,030,Suspense,StateStreet,902002,State Street Suspense,Death,774963846,HAILEY J THOMAS,,Claim Payment,AM00016757,F100242015,Debit,$119.50,20003342,Check Disbursement,psc-kmani1,Delivered,false
2025-12-31,2025-12-31,2025-12-31,030,Separate Accounts Asset,,900021,Separate Account Assets - Insulated,Death,774963846,HAILEY J THOMAS,,Claim Payment,AM00016757,F100242015,Credit,($9202.88),20003342,Check Disbursement,psc-kmani1,Delivered,false
2025-12-31,2025-12-31,2025-12-31,030,Suspense,StateStreet,902002,State Street Suspense,Death,774963846,HAILEY J THOMAS,,Claim Payment,AM00016757,F100242015,Debit,$9202.88,20003342,Check Disbursement,psc-kmani1,Delivered,false
2025-12-31,2025-12-31,2025-12-31,030,Separate Account Transfer,,901001,Separate Account Transfe,Death,774963846,HAILEY J THOMAS,,Claim Payment,AM00016757,F100242015,Credit,($9202.88),20003342,Check Disbursement,psc-kmani1,Delivered,false
2025-12-31,2025-12-31,2025-12-31,030,Separate Accounts Asset,,900021,Separate Account Assets - Insulated,Death,774963846,HAILEY J THOMAS,,Claim Payment,AM00016757,F100242015,Credit,($8426.11),20003342,Check Disbursement,psc-kmani1,Delivered,false
2025-12-31,2025-12-31,2025-12-31,030,Suspense,StateStreet,902002,State Street Suspense,Death,774963846,HAILEY J THOMAS,,Claim Payment,AM00016757,F100242015,Debit,$8426.11,20003342,Check Disbursement,psc-kmani1,Delivered,false
2025-12-31,2025-12-31,2025-12-31,030,Separate Account Transfer,,901001,Separate Account Transfe,Death,774963846,HAILEY J THOMAS,,Claim Payment,AM00016757,F100242015,Credit,($8426.11),20003342,Check Disbursement,psc-kmani1,Delivered,false
2025-12-31,2025-12-31,2025-12-31,030,Separate Accounts Asset,,900021,Separate Account Assets - Insulated,Death,774963846,HAILEY J THOMAS,,Claim Payment,AM00016757,F100242015,Credit,($6765.83),20003342,Check Disbursement,psc-kmani1,Delivered,false
2025-12-31,2025-12-31,2025-12-31,030,Suspense,StateStreet,902002,State Street Suspense,Death,774963846,HAILEY J THOMAS,,Claim Payment,AM00016757,F100242015,Debit,$6765.83,20003342,Check Disbursement,psc-kmani1,Delivered,false
2025-12-31,2025-12-31,2025-12-31,030,Separate Account Transfer,,901001,Separate Account Transfe,Death,774963846,HAILEY J THOMAS,,Claim Payment,AM00016757,F100242015,Credit,($6765.83),20003342,Check Disbursement,psc-kmani1,Delivered,false
2025-12-31,2025-12-31,2025-12-31,030,Depository Bank Account,,901003,Depository Bank Account,Death,774963846,HAILEY J THOMAS,,Claim Payment,AM00016757,F100242015,Debit,$24522.43,20003342,Check Disbursement,psc-kmani1,Delivered,false
2025-12-31,2025-12-31,2025-12-31,030,Suspense,StateStreet,902002,State Street Suspense,Death,774963846,HAILEY J THOMAS,,Claim Payment,AM00016757,F100242015,Credit,($24522.43),20003342,Check Disbursement,psc-kmani1,Delivered,false
2025-12-31,2025-12-31,2025-12-31,030,Suspense,DisbursementClearing,108128,Disbursement Clearing,Death,774963846,HAILEY J THOMAS,,Claim Payment,AM00016757,F100242015,Credit,($25742.88),20003342,Check Disbursement,psc-kmani1,Delivered,false
2025-12-31,2025-12-31,2025-12-31,030,Separate Account,DeathClaim,950003,Separate Account - Life Death Benefit,Death,774963846,HAILEY J THOMAS,,Claim Payment,AM00016757,F100242015,Debit,$9202.88,20003342,Check Disbursement,psc-kmani1,Delivered,false
2025-12-31,2025-12-31,2025-12-31,030,Separate Account,DeathClaim,950003,Separate Account - Life Death Benefit,Death,774963846,HAILEY J THOMAS,,Claim Payment,AM00016757,F100242015,Debit,$8426.11,20003342,Check Disbursement,psc-kmani1,Delivered,false
2025-12-31,2025-12-31,2025-12-31,030,Separate Account,DeathClaim,950003,Separate Account - Life Death Benefit,Death,774963846,HAILEY J THOMAS,,Claim Payment,AM00016757,F100242015,Debit,$6765.83,20003342,Check Disbursement,psc-kmani1,Delivered,false
2025-12-30,2025-12-30,2025-12-30,234,Claims Expense,DeathClaim,555853,DTHB - Flex Life,Death,C1000189,KATHRYN MARIE HALVERSON,,Claim Payment,01N1474118,F100080216,Debit,$250000.00,,ACH Disbursement,psc-smuthu,Delivered,false
2025-12-30,2025-12-30,2025-12-30,234,Claims Interest,Death Claim Interest,565843,Interest on DTHB - Life,Death,C1000189,KATHRYN MARIE HALVERSON,,Claim Payment,01N1474118,F100080216,Debit,$102.81,,ACH Disbursement,psc-smuthu,Delivered,false
2025-12-30,2025-12-30,2025-12-30,234,Suspense,DisbursementClearing,108127,Disbursement Clearing,Death,C1000189,KATHRYN MARIE HALVERSON,,Claim Payment,01N1474118,F100080216,Credit,($250102.81),,ACH Disbursement,psc-smuthu,Delivered,false
2025-12-30,2025-12-30,2025-12-30,234,Claims Expense,DeathClaim,555853,DTHB - Flex Life,Death,248064967,HUGH RESNICK,,Claim Payment,01N1562524,F100086753,Debit,$100000.00,,ACH Disbursement,psc-smuthu,Delivered,false
2025-12-30,2025-12-30,2025-12-30,234,Claims Interest,Death Claim Interest,565843,Interest on DTHB - Life,Death,248064967,HUGH RESNICK,,Claim Payment,01N1562524,F100086753,Debit,$277.38,,ACH Disbursement,psc-smuthu,Delivered,false
2025-12-30,2025-12-30,2025-12-30,234,Suspense,DisbursementClearing,108127,Disbursement Clearing,Death,248064967,HUGH RESNICK,,Claim Payment,01N1562524,F100086753,Credit,($100277.38),,ACH Disbursement,psc-smuthu,Delivered,false
2025-12-30,2025-12-30,2025-12-30,234,Claims Expense,DeathClaim,555853,DTHB - Flex Life,Death,C1000176,KATHERINE WEST,,Claim Payment,01N1084557,F100033756,Debit,$250000.00,,ACH Disbursement,psc-nsukumar,Delivered,false
2025-12-30,2025-12-30,2025-12-30,234,Claims Interest,Death Claim Interest,565843,Interest on DTHB - Life,Death,C1000176,KATHERINE WEST,,Claim Payment,01N1084557,F100033756,Debit,$402.50,,ACH Disbursement,psc-nsukumar,Delivered,false
2025-12-30,2025-12-30,2025-12-30,234,Suspense,DisbursementClearing,108127,Disbursement Clearing,Death,C1000176,KATHERINE WEST,,Claim Payment,01N1084557,F100033756,Credit,($250402.50),,ACH Disbursement,psc-nsukumar,Delivered,false
2025-12-30,2025-12-30,2025-12-30,432,Claims Expense,DeathClaim,555853,DTHB - Flex Life,Death,C1000143,SCOTT HINE,,Claim Payment,06N1001201,F100134043,Debit,$50000.00,,ACH Disbursement,psc-kmani1,Delivered,false
2025-12-30,2025-12-30,2025-12-30,432,Suspense,DisbursementClearing,108126,Disbursement Clearing,Death,C1000143,SCOTT HINE,,Claim Payment,06N1001201,F100134043,Credit,($50000.00),,ACH Disbursement,psc-kmani1,Delivered,false
2025-12-30,2025-12-30,2025-12-30,030,Claims Expense,DeathClaim,555853,DTHB - Flex Life,Death,774963873,RANDELL D JENNINGS,,Claim Payment,05NT052870,F100130339,Debit,$11444.00,,ACH Disbursement,psc-kmani1,Delivered,false
2025-12-30,2025-12-30,2025-12-30,030,Claims Interest,Death Claim Interest,565843,Interest on DTHB - Life,Death,774963873,RANDELL D JENNINGS,,Claim Payment,05NT052870,F100130339,Debit,$32.88,,ACH Disbursement,psc-kmani1,Delivered,false
2025-12-30,2025-12-30,2025-12-30,030,Suspense,DisbursementClearing,108125,Disbursement Clearing,Death,774963873,RANDELL D JENNINGS,,Claim Payment,05NT052870,F100130339,Credit,($11476.88),,ACH Disbursement,psc-kmani1,Delivered,false
2025-12-30,2025-12-30,2025-12-30,030,Claims Expense,DeathClaim,555853,DTHB - Flex Life,Death,774963873,HAWTHORN FUNERAL HOME,,Claim Payment,05NT052870,F100130339,Debit,$8556.00,20003275,Check Disbursement,psc-kmani1,Delivered,false
2025-12-30,2025-12-30,2025-12-30,030,Suspense,DisbursementClearing,108125,Disbursement Clearing,Death,774963873,HAWTHORN FUNERAL HOME,,Claim Payment,05NT052870,F100130339,Credit,($8556.00),20003275,Check Disbursement,psc-kmani1,Delivered,false
2025-12-30,2025-12-30,2025-12-30,234,Claims Expense,DeathClaim,555853,DTHB - Flex Life,Death,248064904,LYDIA  LEXIMA,,Claim Payment,01N1216199,F100066907,Debit,$192060.00,20003276,Check Disbursement,psc-nsukumar,Delivered,false
2025-12-30,2025-12-30,2025-12-30,234,Claims Interest,Death Claim Interest,565843,Interest on DTHB - Life,Death,248064904,LYDIA  LEXIMA,,Claim Payment,01N1216199,F100066907,Debit,$1851.46,20003276,Check Disbursement,psc-nsukumar,Delivered,false
2025-12-30,2025-12-30,2025-12-30,234,Suspense,DisbursementClearing,108127,Disbursement Clearing,Death,248064904,LYDIA  LEXIMA,,Claim Payment,01N1216199,F100066907,Credit,($193911.46),20003276,Check Disbursement,psc-nsukumar,Delivered,false
2025-12-30,2025-12-30,2025-12-30,234,Claims Expense,DeathClaim,555853,DTHB - Flex Life,Death,248064904,SCHERLEY LEVEILLE,,Claim Payment,01N1216199,F100066907,Debit,$38485.54,20003277,Check Disbursement,psc-nsukumar,Delivered,false
2025-12-30,2025-12-30,2025-12-30,234,Claims Interest,Death Claim Interest,565843,Interest on DTHB - Life,Death,248064904,SCHERLEY LEVEILLE,,Claim Payment,01N1216199,F100066907,Debit,$371.00,20003277,Check Disbursement,psc-nsukumar,Delivered,false
2025-12-30,2025-12-30,2025-12-30,234,Suspense,DisbursementClearing,108127,Disbursement Clearing,Death,248064904,SCHERLEY LEVEILLE,,Claim Payment,01N1216199,F100066907,Credit,($38856.54),20003277,Check Disbursement,psc-nsukumar,Delivered,false
2025-12-30,2025-12-30,2025-12-30,234,Claims Expense,DeathClaim,555853,DTHB - Flex Life,Death,248064904,EDWIN ADAM,,Claim Payment,01N1216199,F100066907,Debit,$49470.00,20003278,Check Disbursement,psc-nsukumar,Delivered,false
2025-12-30,2025-12-30,2025-12-30,234,Claims Interest,Death Claim Interest,565843,Interest on DTHB - Life,Death,248064904,EDWIN ADAM,,Claim Payment,01N1216199,F100066907,Debit,$476.89,20003278,Check Disbursement,psc-nsukumar,Delivered,false
2025-12-30,2025-12-30,2025-12-30,234,Suspense,DisbursementClearing,108127,Disbursement Clearing,Death,248064904,EDWIN ADAM,,Claim Payment,01N1216199,F100066907,Credit,($49946.89),20003278,Check Disbursement,psc-nsukumar,Delivered,false
2025-12-30,2025-12-30,2025-12-30,234,Claims Expense,DeathClaim,555853,DTHB - Flex Life,Death,248064904,EXPRESS FUNERAL FUNDING LLC ,,Claim Payment,01N1216199,F100066907,Debit,$10984.46,20003279,Check Disbursement,psc-nsukumar,Delivered,false
2025-12-30,2025-12-30,2025-12-30,234,Claims Interest,Death Claim Interest,565843,Interest on DTHB - Life,Death,248064904,EXPRESS FUNERAL FUNDING LLC ,,Claim Payment,01N1216199,F100066907,Debit,$105.89,20003279,Check Disbursement,psc-nsukumar,Delivered,false
2025-12-30,2025-12-30,2025-12-30,234,Suspense,DisbursementClearing,108127,Disbursement Clearing,Death,248064904,EXPRESS FUNERAL FUNDING LLC ,,Claim Payment,01N1216199,F100066907,Credit,($11090.35),20003279,Check Disbursement,psc-nsukumar,Delivered,false
2025-12-30,2025-12-30,2025-12-30,234,Claims Expense,DeathClaim,555853,DTHB - Flex Life,Death,248064591,JUAN TREVINO SUPPLEMENTAL NEEDS TRUST DATED 11272018,,Claim Payment,01N1139528,F100044195,Debit,$100000.00,20003284,Check Disbursement,psc-pjayaram,Delivered,false
2025-12-30,2025-12-30,2025-12-30,234,Claims Interest,Death Claim Interest,565843,Interest on DTHB - Life,Death,248064591,JUAN TREVINO SUPPLEMENTAL NEEDS TRUST DATED 11272018,,Claim Payment,01N1139528,F100044195,Debit,$561.62,20003284,Check Disbursement,psc-pjayaram,Delivered,false
2025-12-30,2025-12-30,2025-12-30,234,Suspense,DisbursementClearing,108127,Disbursement Clearing,Death,248064591,JUAN TREVINO SUPPLEMENTAL NEEDS TRUST DATED 11272018,,Claim Payment,01N1139528,F100044195,Credit,($100561.62),20003284,Check Disbursement,psc-pjayaram,Delivered,false
2025-12-29,2025-12-29,2025-12-29,234,Claims Expense,DeathClaim,555853,DTHB - Flex Life,Death,248064953,GEORGE AUN,,Claim Payment,01N1573537,F100161982,Debit,$250000.00,,ACH Disbursement,psc-smuthu,Delivered,false
2025-12-29,2025-12-29,2025-12-29,234,Claims Interest,Death Claim Interest,565843,Interest on DTHB - Life,Death,248064953,GEORGE AUN,,Claim Payment,01N1573537,F100161982,Debit,$539.38,,ACH Disbursement,psc-smuthu,Delivered,false
2025-12-29,2025-12-29,2025-12-29,234,Suspense,DisbursementClearing,108127,Disbursement Clearing,Death,248064953,GEORGE AUN,,Claim Payment,01N1573537,F100161982,Credit,($250539.38),,ACH Disbursement,psc-smuthu,Delivered,false
2025-12-29,2025-12-29,2025-12-29,234,Claims Expense,DeathClaim,555853,DTHB - Flex Life,Death,C1000116,STACEY S TANOUYE,,Claim Payment,01N1E54627,F100110116,Debit,$100000.00,,ACH Disbursement,psc-nsukumar,Delivered,false
2025-12-29,2025-12-29,2025-12-29,234,Claims Interest,Death Claim Interest,565843,Interest on DTHB - Life,Death,C1000116,STACEY S TANOUYE,,Claim Payment,01N1E54627,F100110116,Debit,$1742.40,,ACH Disbursement,psc-nsukumar,Delivered,false
2025-12-29,2025-12-29,2025-12-29,234,Suspense,DisbursementClearing,108127,Disbursement Clearing,Death,C1000116,STACEY S TANOUYE,,Claim Payment,01N1E54627,F100110116,Credit,($101742.40),,ACH Disbursement,psc-nsukumar,Delivered,false
2025-12-29,2025-12-29,2025-12-29,234,Claims Expense,DeathClaim,555853,DTHB - Flex Life,Death,C1000096,JOSEPH ADRIANO,,Claim Payment,01N1205686,F100055479,Debit,$300000.00,,ACH Disbursement,psc-nsukumar,Delivered,false
2025-12-29,2025-12-29,2025-12-29,234,Claims Interest,Death Claim Interest,565843,Interest on DTHB - Life,Death,C1000096,JOSEPH ADRIANO,,Claim Payment,01N1205686,F100055479,Debit,$2695.20,,ACH Disbursement,psc-nsukumar,Delivered,false
2025-12-29,2025-12-29,2025-12-29,234,Suspense,DisbursementClearing,108127,Disbursement Clearing,Death,C1000096,JOSEPH ADRIANO,,Claim Payment,01N1205686,F100055479,Credit,($302695.20),,ACH Disbursement,psc-nsukumar,Delivered,false
2025-12-29,2025-12-29,2025-12-29,030,Claims Expense,DeathClaim,555853,DTHB - Flex Life,Death,774963859,LUCY BUTLER,,Claim Payment,05NTE19266,F100131504,Debit,$50000.00,,ACH Disbursement,psc-pjayaram,Delivered,false
2025-12-29,2025-12-29,2025-12-29,030,Claims Interest,Death Claim Interest,565843,Interest on DTHB - Life,Death,774963859,LUCY BUTLER,,Claim Payment,05NTE19266,F100131504,Debit,$135.25,,ACH Disbursement,psc-pjayaram,Delivered,false
2025-12-29,2025-12-29,2025-12-29,030,Suspense,DisbursementClearing,108125,Disbursement Clearing,Death,774963859,LUCY BUTLER,,Claim Payment,05NTE19266,F100131504,Credit,($50135.25),,ACH Disbursement,psc-pjayaram,Delivered,false
2025-12-26,2025-12-26,2025-12-26,234,Claims Expense,DeathClaim,555853,DTHB - Flex Life,Death,C1000182,LINDA R KYSER,,Claim Payment,01N1A06262,F100058486,Debit,$100000.00,,ACH Disbursement,psc-smuthu,Delivered,false
2025-12-26,2025-12-26,2025-12-26,234,Claims Interest,Death Claim Interest,565843,Interest on DTHB - Life,Death,C1000182,LINDA R KYSER,,Claim Payment,01N1A06262,F100058486,Debit,$161.00,,ACH Disbursement,psc-smuthu,Delivered,false
2025-12-26,2025-12-26,2025-12-26,234,Suspense,DisbursementClearing,108127,Disbursement Clearing,Death,C1000182,LINDA R KYSER,,Claim Payment,01N1A06262,F100058486,Credit,($100161.00),,ACH Disbursement,psc-smuthu,Delivered,false
2025-12-26,2025-12-26,2025-12-26,030,Claims Expense,DeathClaim,555853,DTHB - Flex Life,Death,C1000194,MARIE GILSTRAP,,Claim Payment,05NT053684,F100130048,Debit,$200000.00,20003145,Check Disbursement,psc-pjayaram,Delivered,false
2025-12-26,2025-12-26,2025-12-26,030,Claims Interest,Death Claim Interest,565843,Interest on DTHB - Life,Death,C1000194,MARIE GILSTRAP,,Claim Payment,05NT053684,F100130048,Debit,$1403.20,20003145,Check Disbursement,psc-pjayaram,Delivered,false
2025-12-26,2025-12-26,2025-12-26,030,Suspense,DisbursementClearing,108125,Disbursement Clearing,Death,C1000194,MARIE GILSTRAP,,Claim Payment,05NT053684,F100130048,Credit,($201403.20),20003145,Check Disbursement,psc-pjayaram,Delivered,false
2025-12-26,2025-12-26,2025-12-26,432,Claims Expense,DeathClaim,555853,DTHB - Flex Life,Death,C1000120,AUBREI L WHITTEN,,Claim Payment,06N1103716,F100227214,Debit,$200000.00,20003146,Check Disbursement,psc-nsukumar,Delivered,false
2025-12-26,2025-12-26,2025-12-26,432,Claims Interest,Death Claim Interest,565843,Interest on DTHB - Life,Death,C1000120,AUBREI L WHITTEN,,Claim Payment,06N1103716,F100227214,Debit,$280.75,20003146,Check Disbursement,psc-nsukumar,Delivered,false
2025-12-26,2025-12-26,2025-12-26,432,Suspense,DisbursementClearing,108126,Disbursement Clearing,Death,C1000120,AUBREI L WHITTEN,,Claim Payment,06N1103716,F100227214,Credit,($200280.75),20003146,Check Disbursement,psc-nsukumar,Delivered,false
2025-12-26,2025-12-26,2025-12-26,234,Claims Expense,DeathClaim,555853,DTHB - Flex Life,Death,C1000040,MATHEW S FATUESI,,Claim Payment,01N1184945,F100051540,Debit,$100000.00,,ACH Disbursement,psc-pjayaram,Delivered,false
2025-12-26,2025-12-26,2025-12-26,234,Claims Interest,Death Claim Interest,565843,Interest on DTHB - Life,Death,C1000040,MATHEW S FATUESI,,Claim Payment,01N1184945,F100051540,Debit,$216.75,,ACH Disbursement,psc-pjayaram,Delivered,false
2025-12-26,2025-12-26,2025-12-26,234,Capitalized Loan Interest,,450500,CAPITALIZED LOAN INTEREST,Death,C1000040,MATHEW S FATUESI,,Claim Payment,01N1184945,F100051540,Credit,($601.45),,ACH Disbursement,psc-pjayaram,Delivered,false
2025-12-26,2025-12-26,2025-12-26,234,Policy Loan,,105000,Policy Loan,Death,C1000040,MATHEW S FATUESI,,Claim Payment,01N1184945,F100051540,Credit,($24946.80),,ACH Disbursement,psc-pjayaram,Delivered,false
2025-12-26,2025-12-26,2025-12-26,234,Suspense,DisbursementClearing,108127,Disbursement Clearing,Death,C1000040,MATHEW S FATUESI,,Claim Payment,01N1184945,F100051540,Credit,($74668.50),,ACH Disbursement,psc-pjayaram,Delivered,false
2025-12-26,2025-12-26,2025-12-26,234,Claims Expense,DeathClaim,555853,DTHB - Flex Life,Death,C1000124,THADDEUS C ROGOZINSKI REVOCABLE TRUST U A D 11302000,,Claim Payment,01N1E18312,F100106855,Debit,$1132000.00,20003147,Check Disbursement,psc-pjayaram,Delivered,false
2025-12-26,2025-12-26,2025-12-26,234,Suspense,DisbursementClearing,108127,Disbursement Clearing,Death,C1000124,THADDEUS C ROGOZINSKI REVOCABLE TRUST U A D 11302000,,Claim Payment,01N1E18312,F100106855,Credit,($1132000.00),20003147,Check Disbursement,psc-pjayaram,Delivered,false
2025-12-24,2025-12-24,2025-12-24,234,Claims Expense,DeathClaim,555853,DTHB - Flex Life,Death,248064957,LOAN THI CHU,,Claim Payment,01N1452403,F100078496,Debit,$300000.00,20003085,Check Disbursement,psc-nsukumar,Delivered,false
2025-12-24,2025-12-24,2025-12-24,234,Claims Interest,Death Claim Interest,565843,Interest on DTHB - Life,Death,248064957,LOAN THI CHU,,Claim Payment,01N1452403,F100078496,Debit,$829.52,20003085,Check Disbursement,psc-nsukumar,Delivered,false
2025-12-24,2025-12-24,2025-12-24,234,Capitalized Loan Interest,,450500,CAPITALIZED LOAN INTEREST,Death,248064957,LOAN THI CHU,,Claim Payment,01N1452403,F100078496,Credit,($943.55),20003085,Check Disbursement,psc-nsukumar,Delivered,false
2025-12-24,2025-12-24,2025-12-24,234,Policy Loan,,105000,Policy Loan,Death,248064957,LOAN THI CHU,,Claim Payment,01N1452403,F100078496,Credit,($20022.84),20003085,Check Disbursement,psc-nsukumar,Delivered,false
2025-12-24,2025-12-24,2025-12-24,234,Suspense,DisbursementClearing,108127,Disbursement Clearing,Death,248064957,LOAN THI CHU,,Claim Payment,01N1452403,F100078496,Credit,($279863.13),20003085,Check Disbursement,psc-nsukumar,Delivered,false
2025-12-24,2025-12-24,2025-12-24,030,Claims Expense,DeathClaim,555853,DTHB - Flex Life,Death,C1000110,MYSTIC FUNERAL HOME ,,Claim Payment,05NT031128,F100117555,Debit,$11015.10,20003090,Check Disbursement,psc-nsukumar,Delivered,false
2025-12-24,2025-12-24,2025-12-24,030,Suspense,DisbursementClearing,108125,Disbursement Clearing,Death,C1000110,MYSTIC FUNERAL HOME ,,Claim Payment,05NT031128,F100117555,Credit,($11015.10),20003090,Check Disbursement,psc-nsukumar,Delivered,false
2025-12-24,2025-12-24,2025-12-24,030,Claims Expense,DeathClaim,555853,DTHB - Flex Life,Death,C1000110,LINDA BURDICK,,Claim Payment,05NT031128,F100117555,Debit,$8984.90,20003092,Check Disbursement,psc-nsukumar,Delivered,false
2025-12-24,2025-12-24,2025-12-24,030,Claims Interest,Death Claim Interest,565843,Interest on DTHB - Life,Death,C1000110,LINDA BURDICK,,Claim Payment,05NT031128,F100117555,Debit,$21.92,20003092,Check Disbursement,psc-nsukumar,Delivered,false
2025-12-24,2025-12-24,2025-12-24,030,Suspense,DisbursementClearing,108125,Disbursement Clearing,Death,C1000110,LINDA BURDICK,,Claim Payment,05NT031128,F100117555,Credit,($9006.82),20003092,Check Disbursement,psc-nsukumar,Delivered,false
2025-12-19,2025-12-19,2025-12-23,234,Claims Expense,DeathClaim,555853,DTHB - Flex Life,Death,C1000128,MCCAUSLAND GARRITY MARCHESANI FUNERAL HOME ,,Claim Payment,01N1516765,F100083781,Credit,($5640.00),20002912,Check Disbursement,psc-nsukumar,Delivered,false
2025-12-19,2025-12-19,2025-12-23,234,Suspense,DisbursementClearing,108127,Disbursement Clearing,Death,C1000128,MCCAUSLAND GARRITY MARCHESANI FUNERAL HOME ,,Claim Payment,01N1516765,F100083781,Debit,$5640.00,20002912,Check Disbursement,psc-nsukumar,Delivered,false
2025-12-23,2025-12-23,2025-12-23,234,Claims Expense,DeathClaim,555853,DTHB - Flex Life,Death,C1000128,MCCAUSLAND GARRITY MARCHESANI FUNERAL HOME,,Claim Payment,01N1516765,F100083781,Debit,$5640.00,20003022,Check Disbursement,psc-nsukumar,Delivered,false
2025-12-23,2025-12-23,2025-12-23,234,Suspense,DisbursementClearing,108127,Disbursement Clearing,Death,C1000128,MCCAUSLAND GARRITY MARCHESANI FUNERAL HOME,,Claim Payment,01N1516765,F100083781,Credit,($5640.00),20003022,Check Disbursement,psc-nsukumar,Delivered,false
2025-12-23,2025-12-23,2025-12-23,234,Claims Expense,DeathClaim,555853,DTHB - Flex Life,Death,C1000048,STUART PRINCE,,Claim Payment,01N1109916,F100037666,Debit,$100000.00,,ACH Disbursement,psc-nsukumar,Delivered,false
2025-12-23,2025-12-23,2025-12-23,234,Claims Interest,Death Claim Interest,565843,Interest on DTHB - Life,Death,C1000048,STUART PRINCE,,Claim Payment,01N1109916,F100037666,Debit,$291.12,,ACH Disbursement,psc-nsukumar,Delivered,false
2025-12-23,2025-12-23,2025-12-23,234,Suspense,DisbursementClearing,108127,Disbursement Clearing,Death,C1000048,STUART PRINCE,,Claim Payment,01N1109916,F100037666,Credit,($100291.12),,ACH Disbursement,psc-nsukumar,Delivered,false
2025-12-23,2025-12-23,2025-12-23,234,Claims Expense,DeathClaim,555853,DTHB - Flex Life,Death,C1000075,CLIFFORD I LOFGREN,,Claim Payment,01N1117344,F100039531,Debit,$100000.00,20003045,Check Disbursement,psc-pjayaram,Delivered,false
2025-12-23,2025-12-23,2025-12-23,234,Claims Interest,Death Claim Interest,565843,Interest on DTHB - Life,Death,C1000075,CLIFFORD I LOFGREN,,Claim Payment,01N1117344,F100039531,Debit,$898.40,20003045,Check Disbursement,psc-pjayaram,Delivered,false
2025-12-23,2025-12-23,2025-12-23,234,Suspense,DisbursementClearing,108127,Disbursement Clearing,Death,C1000075,CLIFFORD I LOFGREN,,Claim Payment,01N1117344,F100039531,Credit,($100898.40),20003045,Check Disbursement,psc-pjayaram,Delivered,false
2025-12-23,2025-12-23,2025-12-23,030,Claims Expense,DeathClaim,555843,DTHB - Life,Death,C1000049,JAMES R ROZACK,,Claim Payment,05W1E04978,F100001519,Debit,$51059.20,20003047,Check Disbursement,psc-pjayaram,Delivered,false
2025-12-23,2025-12-23,2025-12-23,030,Claims Interest,Death Claim Interest,565843,Interest on DTHB - Life,Death,C1000049,JAMES R ROZACK,,Claim Payment,05W1E04978,F100001519,Debit,$132.88,20003047,Check Disbursement,psc-pjayaram,Delivered,false
2025-12-23,2025-12-23,2025-12-23,030,Suspense,DisbursementClearing,108125,Disbursement Clearing,Death,C1000049,JAMES R ROZACK,,Claim Payment,05W1E04978,F100001519,Credit,($51192.08),20003047,Check Disbursement,psc-pjayaram,Delivered,false
2025-12-23,2025-12-23,2025-12-23,030,Claims Expense,DeathClaim,951005,Excess Life Death Benefit,Death,774963863,ANTOINETTE L WINDER,,Claim Payment,AM16212093,F100241851,Debit,$214.85,20003056,Check Disbursement,psc-pjayaram,Delivered,false
2025-12-23,2025-12-23,2025-12-23,030,Claims Interest,Death Claim Interest,565843,Interest on DTHB - Life,Death,774963863,ANTOINETTE L WINDER,,Claim Payment,AM16212093,F100241851,Debit,$256.77,20003056,Check Disbursement,psc-pjayaram,Delivered,false
2025-12-23,2025-12-23,2025-12-23,030,Claims Expense,SeparateAccount,951004,Life Death Benefits - Separate Account,Death,774963863,ANTOINETTE L WINDER,,Claim Payment,AM16212093,F100241851,Debit,$118799.31,20003056,Check Disbursement,psc-pjayaram,Delivered,false
2025-12-23,2025-12-23,2025-12-23,030,Operating Bank Account,,901002,Operating Bank Account,Death,774963863,ANTOINETTE L WINDER,,Claim Payment,AM16212093,F100241851,Debit,$119347.23,20003056,Check Disbursement,psc-pjayaram,Delivered,false
2025-12-23,2025-12-23,2025-12-23,030,Operating Bank Account,,901002,Operating Bank Account,Death,774963863,ANTOINETTE L WINDER,,Claim Payment,AM16212093,F100241851,Credit,($119347.23),20003056,Check Disbursement,psc-pjayaram,Delivered,false
2025-12-23,2025-12-23,2025-12-23,030,Gain Loss,,901004,Gain/Loss,Death,774963863,ANTOINETTE L WINDER,,Claim Payment,AM16212093,F100241851,Credit,($456.51),20003056,Check Disbursement,psc-pjayaram,Delivered,false
2025-12-23,2025-12-23,2025-12-23,030,Suspense,StateStreet,902002,State Street Suspense,Death,774963863,ANTOINETTE L WINDER,,Claim Payment,AM16212093,F100241851,Debit,$456.51,20003056,Check Disbursement,psc-pjayaram,Delivered,false
2025-12-23,2025-12-23,2025-12-23,030,Gain Loss,,901004,Gain/Loss,Death,774963863,ANTOINETTE L WINDER,,Claim Payment,AM16212093,F100241851,Credit,($1167.84),20003056,Check Disbursement,psc-pjayaram,Delivered,false
2025-12-23,2025-12-23,2025-12-23,030,Suspense,StateStreet,902002,State Street Suspense,Death,774963863,ANTOINETTE L WINDER,,Claim Payment,AM16212093,F100241851,Debit,$1167.84,20003056,Check Disbursement,psc-pjayaram,Delivered,false
2025-12-23,2025-12-23,2025-12-23,030,Separate Accounts Asset,,900021,Separate Account Assets - Insulated,Death,774963863,ANTOINETTE L WINDER,,Claim Payment,AM16212093,F100241851,Credit,($81190.20),20003056,Check Disbursement,psc-pjayaram,Delivered,false
2025-12-23,2025-12-23,2025-12-23,030,Suspense,StateStreet,902002,State Street Suspense,Death,774963863,ANTOINETTE L WINDER,,Claim Payment,AM16212093,F100241851,Debit,$81190.20,20003056,Check Disbursement,psc-pjayaram,Delivered,false
2025-12-23,2025-12-23,2025-12-23,030,Separate Account Transfer,,901001,Separate Account Transfe,Death,774963863,ANTOINETTE L WINDER,,Claim Payment,AM16212093,F100241851,Credit,($81190.20),20003056,Check Disbursement,psc-pjayaram,Delivered,false
2025-12-23,2025-12-23,2025-12-23,030,Separate Accounts Asset,,900021,Separate Account Assets - Insulated,Death,774963863,ANTOINETTE L WINDER,,Claim Payment,AM16212093,F100241851,Credit,($36532.68),20003056,Check Disbursement,psc-pjayaram,Delivered,false
2025-12-23,2025-12-23,2025-12-23,030,Suspense,StateStreet,902002,State Street Suspense,Death,774963863,ANTOINETTE L WINDER,,Claim Payment,AM16212093,F100241851,Debit,$36532.68,20003056,Check Disbursement,psc-pjayaram,Delivered,false
2025-12-23,2025-12-23,2025-12-23,030,Separate Account Transfer,,901001,Separate Account Transfe,Death,774963863,ANTOINETTE L WINDER,,Claim Payment,AM16212093,F100241851,Credit,($36532.68),20003056,Check Disbursement,psc-pjayaram,Delivered,false
2025-12-23,2025-12-23,2025-12-23,030,Depository Bank Account,,901003,Depository Bank Account,Death,774963863,ANTOINETTE L WINDER,,Claim Payment,AM16212093,F100241851,Debit,$119347.23,20003056,Check Disbursement,psc-pjayaram,Delivered,false
2025-12-23,2025-12-23,2025-12-23,030,Suspense,StateStreet,902002,State Street Suspense,Death,774963863,ANTOINETTE L WINDER,,Claim Payment,AM16212093,F100241851,Credit,($119347.23),20003056,Check Disbursement,psc-pjayaram,Delivered,false
2025-12-23,2025-12-23,2025-12-23,030,Suspense,DisbursementClearing,108128,Disbursement Clearing,Death,774963863,ANTOINETTE L WINDER,,Claim Payment,AM16212093,F100241851,Credit,($119270.93),20003056,Check Disbursement,psc-pjayaram,Delivered,false
2025-12-23,2025-12-23,2025-12-23,030,Separate Account,DeathClaim,950003,Separate Account - Life Death Benefit,Death,774963863,ANTOINETTE L WINDER,,Claim Payment,AM16212093,F100241851,Debit,$81190.20,20003056,Check Disbursement,psc-pjayaram,Delivered,false
2025-12-23,2025-12-23,2025-12-23,030,Separate Account,DeathClaim,950003,Separate Account - Life Death Benefit,Death,774963863,ANTOINETTE L WINDER,,Claim Payment,AM16212093,F100241851,Debit,$36532.68,20003056,Check Disbursement,psc-pjayaram,Delivered,false
2025-12-22,2025-12-22,2025-12-22,234,Claims Expense,DeathClaim,555853,DTHB - Flex Life,Death,C1000083,DEBORAH ANN HEDGES,,Claim Payment,01N1199596,F100054059,Debit,$100000.00,,ACH Disbursement,psc-nsukumar,Delivered,false
2025-12-22,2025-12-22,2025-12-22,234,Claims Interest,Death Claim Interest,565843,Interest on DTHB - Life,Death,C1000083,DEBORAH ANN HEDGES,,Claim Payment,01N1199596,F100054059,Debit,$123.25,,ACH Disbursement,psc-nsukumar,Delivered,false
2025-12-22,2025-12-22,2025-12-22,234,Suspense,DisbursementClearing,108127,Disbursement Clearing,Death,C1000083,DEBORAH ANN HEDGES,,Claim Payment,01N1199596,F100054059,Credit,($100123.25),,ACH Disbursement,psc-nsukumar,Delivered,false
2025-12-22,2025-12-22,2025-12-22,030,Claims Expense,DeathClaim,555853,DTHB - Flex Life,Death,C1000178,WILLIAM R HOOPER,,Claim Payment,05NT030423,F100118390,Debit,$50000.00,,ACH Disbursement,psc-nsukumar,Delivered,false
2025-12-22,2025-12-22,2025-12-22,030,Claims Interest,Death Claim Interest,565843,Interest on DTHB - Life,Death,C1000178,WILLIAM R HOOPER,,Claim Payment,05NT030423,F100118390,Debit,$468.45,,ACH Disbursement,psc-nsukumar,Delivered,false
2025-12-22,2025-12-22,2025-12-22,030,Suspense,DisbursementClearing,108125,Disbursement Clearing,Death,C1000178,WILLIAM R HOOPER,,Claim Payment,05NT030423,F100118390,Credit,($50468.45),,ACH Disbursement,psc-nsukumar,Delivered,false
2025-12-19,2025-12-19,2025-12-19,432,Claims Expense,DeathClaim,555853,DTHB - Flex Life,Death,C1000119,HARRIS FUNERAL HOME INC,,Claim Payment,06N1048324,F100135888,Debit,$6004.50,20002880,Check Disbursement,psc-smuthu,Delivered,false
2025-12-19,2025-12-19,2025-12-19,432,Suspense,DisbursementClearing,108126,Disbursement Clearing,Death,C1000119,HARRIS FUNERAL HOME INC,,Claim Payment,06N1048324,F100135888,Credit,($6004.50),20002880,Check Disbursement,psc-smuthu,Delivered,false
2025-12-19,2025-12-19,2025-12-19,432,Claims Expense,DeathClaim,555853,DTHB - Flex Life,Death,C1000119,IRA N BROADWAY  Jr,,Claim Payment,06N1048324,F100135888,Debit,$43995.50,20002881,Check Disbursement,psc-smuthu,Delivered,false
2025-12-19,2025-12-19,2025-12-19,432,Suspense,DisbursementClearing,108126,Disbursement Clearing,Death,C1000119,IRA N BROADWAY  Jr,,Claim Payment,06N1048324,F100135888,Credit,($43995.50),20002881,Check Disbursement,psc-smuthu,Delivered,false
2025-12-19,2025-12-19,2025-12-19,234,Claims Expense,DeathClaim,555853,DTHB - Flex Life,Death,C1000147,KRYSTAL MEIGHAN,,Claim Payment,01N1193200,F100065878,Debit,$24250.00,,ACH Disbursement,psc-pjayaram,Delivered,false
2025-12-19,2025-12-19,2025-12-19,234,Claims Interest,Death Claim Interest,565843,Interest on DTHB - Life,Death,C1000147,KRYSTAL MEIGHAN,,Claim Payment,01N1193200,F100065878,Debit,$35.71,,ACH Disbursement,psc-pjayaram,Delivered,false
2025-12-19,2025-12-19,2025-12-19,234,Suspense,DisbursementClearing,108127,Disbursement Clearing,Death,C1000147,KRYSTAL MEIGHAN,,Claim Payment,01N1193200,F100065878,Credit,($24285.71),,ACH Disbursement,psc-pjayaram,Delivered,false
2025-12-18,2025-12-18,2025-12-18,234,Claims Expense,DeathClaim,555853,DTHB - Flex Life,Death,C1000188,ELIZABETH A ARCHULETA,,Claim Payment,01N2E00167,F100114800,Debit,$50000.00,20002848,Check Disbursement,psc-smuthu,Delivered,false
2025-12-18,2025-12-18,2025-12-18,234,Claims Interest,Death Claim Interest,565843,Interest on DTHB - Life,Death,C1000188,ELIZABETH A ARCHULETA,,Claim Payment,01N2E00167,F100114800,Debit,$53.06,20002848,Check Disbursement,psc-smuthu,Delivered,false
2025-12-18,2025-12-18,2025-12-18,234,Suspense,DisbursementClearing,108127,Disbursement Clearing,Death,C1000188,ELIZABETH A ARCHULETA,,Claim Payment,01N2E00167,F100114800,Credit,($50053.06),20002848,Check Disbursement,psc-smuthu,Delivered,false
2025-12-18,2025-12-18,2025-12-18,234,Claims Expense,DeathClaim,555853,DTHB - Flex Life,Death,C1000125,CHANDRA K LODHIA,,Claim Payment,01N1638145,F100093932,Debit,$60000.00,,ACH Disbursement,psc-nsukumar,Delivered,false
2025-12-18,2025-12-18,2025-12-18,234,Claims Interest,Death Claim Interest,565843,Interest on DTHB - Life,Death,C1000125,CHANDRA K LODHIA,,Claim Payment,01N1638145,F100093932,Debit,$117.15,,ACH Disbursement,psc-nsukumar,Delivered,false
2025-12-18,2025-12-18,2025-12-18,234,Suspense,DisbursementClearing,108127,Disbursement Clearing,Death,C1000125,CHANDRA K LODHIA,,Claim Payment,01N1638145,F100093932,Credit,($60117.15),,ACH Disbursement,psc-nsukumar,Delivered,false
2025-12-17,2025-12-17,2025-12-17,234,Claims Expense,DeathClaim,555853,DTHB - Flex Life,Death,C1000032,KEVIN S WRIGHT,,Claim Payment,01N1203549,F100054998,Debit,$33340.00,,ACH Disbursement,psc-smuthu,Delivered,false
2025-12-17,2025-12-17,2025-12-17,234,Claims Interest,Death Claim Interest,565843,Interest on DTHB - Life,Death,C1000032,KEVIN S WRIGHT,,Claim Payment,01N1203549,F100054998,Debit,$118.73,,ACH Disbursement,psc-smuthu,Delivered,false
2025-12-17,2025-12-17,2025-12-17,234,Suspense,DisbursementClearing,108127,Disbursement Clearing,Death,C1000032,KEVIN S WRIGHT,,Claim Payment,01N1203549,F100054998,Credit,($33458.73),,ACH Disbursement,psc-smuthu,Delivered,false
2025-12-17,2025-12-17,2025-12-17,234,Claims Expense,DeathClaim,555853,DTHB - Flex Life,Death,C1000032,KELLY E WRIGHT,,Claim Payment,01N1203549,F100054998,Debit,$33330.00,,ACH Disbursement,psc-smuthu,Delivered,false
2025-12-17,2025-12-17,2025-12-17,234,Claims Interest,Death Claim Interest,565843,Interest on DTHB - Life,Death,C1000032,KELLY E WRIGHT,,Claim Payment,01N1203549,F100054998,Debit,$118.70,,ACH Disbursement,psc-smuthu,Delivered,false
2025-12-17,2025-12-17,2025-12-17,234,Suspense,DisbursementClearing,108127,Disbursement Clearing,Death,C1000032,KELLY E WRIGHT,,Claim Payment,01N1203549,F100054998,Credit,($33448.70),,ACH Disbursement,psc-smuthu,Delivered,false
2025-12-17,2025-12-17,2025-12-17,234,Claims Expense,DeathClaim,555853,DTHB - Flex Life,Death,248064982,GARY ROSSER,,Claim Payment,01N2E10770,F100202165,Debit,$100000.00,20002790,Check Disbursement,psc-nsukumar,Delivered,false
2025-12-17,2025-12-17,2025-12-17,234,Claims Interest,Death Claim Interest,565843,Interest on DTHB - Life,Death,248064982,GARY ROSSER,,Claim Payment,01N2E10770,F100202165,Debit,$624.60,20002790,Check Disbursement,psc-nsukumar,Delivered,false
2025-12-17,2025-12-17,2025-12-17,234,Suspense,DisbursementClearing,108127,Disbursement Clearing,Death,248064982,GARY ROSSER,,Claim Payment,01N2E10770,F100202165,Credit,($100624.60),20002790,Check Disbursement,psc-nsukumar,Delivered,false
2025-12-17,2025-12-17,2025-12-17,234,Claims Expense,DeathClaim,555853,DTHB - Flex Life,Death,248064951,ALEXANDRA LAUGHLIN,,Claim Payment,01N1279217,F100070582,Debit,$108948.90,20002791,Check Disbursement,psc-nsukumar,Delivered,false
2025-12-17,2025-12-17,2025-12-17,234,Claims Interest,Death Claim Interest,565843,Interest on DTHB - Life,Death,248064951,ALEXANDRA LAUGHLIN,,Claim Payment,01N1279217,F100070582,Debit,$1229.83,20002791,Check Disbursement,psc-nsukumar,Delivered,false
2025-12-17,2025-12-17,2025-12-17,234,Suspense,Policy,220010,POLICY SUSPENSE,Death,248064951,ALEXANDRA LAUGHLIN,,Claim Payment,01N1279217,F100070582,Debit,$175.44,20002791,Check Disbursement,psc-nsukumar,Delivered,false
2025-12-17,2025-12-17,2025-12-17,234,Suspense,DisbursementClearing,108127,Disbursement Clearing,Death,248064951,ALEXANDRA LAUGHLIN,,Claim Payment,01N1279217,F100070582,Credit,($110354.17),20002791,Check Disbursement,psc-nsukumar,Delivered,false
2025-12-17,2025-12-17,2025-12-17,432,Claims Expense,DeathClaim,555853,DTHB - Flex Life,Death,C1000210,KATHY P SOLOMON,,Claim Payment,06N1E22139,F100233144,Debit,$100000.00,20002808,Check Disbursement,psc-pjayaram,Delivered,false
2025-12-17,2025-12-17,2025-12-17,432,Claims Interest,Death Claim Interest,565843,Interest on DTHB - Life,Death,C1000210,KATHY P SOLOMON,,Claim Payment,06N1E22139,F100233144,Debit,$325.25,20002808,Check Disbursement,psc-pjayaram,Delivered,false
2025-12-17,2025-12-17,2025-12-17,432,Suspense,DisbursementClearing,108126,Disbursement Clearing,Death,C1000210,KATHY P SOLOMON,,Claim Payment,06N1E22139,F100233144,Credit,($100325.25),20002808,Check Disbursement,psc-pjayaram,Delivered,false
2025-12-16,2025-12-16,2025-12-16,234,Claims Expense,DeathClaim,555853,DTHB - Flex Life,Death,C1000085,NANCY HAYDEN,,Claim Payment,01N1156888,F100046657,Debit,$100000.00,,ACH Disbursement,psc-nsukumar,Delivered,false
2025-12-16,2025-12-16,2025-12-16,234,Claims Interest,Death Claim Interest,565843,Interest on DTHB - Life,Death,C1000085,NANCY HAYDEN,,Claim Payment,01N1156888,F100046657,Debit,$164.38,,ACH Disbursement,psc-nsukumar,Delivered,false
2025-12-16,2025-12-16,2025-12-16,234,Suspense,DisbursementClearing,108127,Disbursement Clearing,Death,C1000085,NANCY HAYDEN,,Claim Payment,01N1156888,F100046657,Credit,($100164.38),,ACH Disbursement,psc-nsukumar,Delivered,false
2025-12-16,2025-12-16,2025-12-16,234,Claims Expense,DeathClaim,555853,DTHB - Flex Life,Death,C1000041,JOHN MARTIN BIAGIO,,Claim Payment,01N1A19570,F100060876,Debit,$100000.00,,ACH Disbursement,psc-pjayaram,Delivered,false
2025-12-16,2025-12-16,2025-12-16,234,Claims Interest,Death Claim Interest,565843,Interest on DTHB - Life,Death,C1000041,JOHN MARTIN BIAGIO,,Claim Payment,01N1A19570,F100060876,Debit,$1665.60,,ACH Disbursement,psc-pjayaram,Delivered,false
2025-12-16,2025-12-16,2025-12-16,234,Suspense,DisbursementClearing,108127,Disbursement Clearing,Death,C1000041,JOHN MARTIN BIAGIO,,Claim Payment,01N1A19570,F100060876,Credit,($101665.60),,ACH Disbursement,psc-pjayaram,Delivered,false
2025-12-13,2025-12-15,2025-12-13,234,Claims Expense,DeathClaim,555853,DTHB - Flex Life,Death,C1000058,RICK R GONZALES,,Claim Payment,01N1076094,F100032524,Debit,$100000.00,20002681,Check Disbursement,psc-smuthu,Delivered,false
2025-12-13,2025-12-15,2025-12-13,234,Claims Interest,Death Claim Interest,565843,Interest on DTHB - Life,Death,C1000058,RICK R GONZALES,,Claim Payment,01N1076094,F100032524,Debit,$171.25,20002681,Check Disbursement,psc-smuthu,Delivered,false
2025-12-13,2025-12-15,2025-12-13,234,Suspense,DisbursementClearing,108127,Disbursement Clearing,Death,C1000058,RICK R GONZALES,,Claim Payment,01N1076094,F100032524,Credit,($100171.25),20002681,Check Disbursement,psc-smuthu,Delivered,false
2025-12-13,2025-12-15,2025-12-13,030,Claims Expense,DeathClaim,555853,DTHB - Flex Life,Death,774963856,FRANCISCO ROSA,,Claim Payment,05NT053514,F100129259,Debit,$100000.00,20002687,Check Disbursement,psc-nsukumar,Delivered,false
2025-12-13,2025-12-15,2025-12-13,030,Claims Interest,Death Claim Interest,565843,Interest on DTHB - Life,Death,774963856,FRANCISCO ROSA,,Claim Payment,05NT053514,F100129259,Debit,$325.38,20002687,Check Disbursement,psc-nsukumar,Delivered,false
2025-12-13,2025-12-15,2025-12-13,030,Suspense,DisbursementClearing,108125,Disbursement Clearing,Death,774963856,FRANCISCO ROSA,,Claim Payment,05NT053514,F100129259,Credit,($100325.38),20002687,Check Disbursement,psc-nsukumar,Delivered,false
2025-12-13,2025-12-15,2025-12-13,432,Claims Expense,DeathClaim,555853,DTHB - Flex Life,Death,C1000099,JULIO RODOLFO SUCHITE ARRIAZA,,Claim Payment,06N1062611,F100217536,Debit,$87793.06,,ACH Disbursement,psc-smuthu,Delivered,false
2025-12-13,2025-12-15,2025-12-13,432,Claims Interest,Death Claim Interest,565843,Interest on DTHB - Life,Death,C1000099,JULIO RODOLFO SUCHITE ARRIAZA,,Claim Payment,06N1062611,F100217536,Debit,$87.24,,ACH Disbursement,psc-smuthu,Delivered,false
2025-12-13,2025-12-15,2025-12-13,432,Suspense,DisbursementClearing,108126,Disbursement Clearing,Death,C1000099,JULIO RODOLFO SUCHITE ARRIAZA,,Claim Payment,06N1062611,F100217536,Credit,($87880.30),,ACH Disbursement,psc-smuthu,Delivered,false
2025-12-13,2025-12-15,2025-12-13,432,Claims Expense,DeathClaim,555853,DTHB - Flex Life,Death,C1000099,AMERICAN FUNERAL FINANCIAL LLC,,Claim Payment,06N1062611,F100217536,Debit,$12206.94,20002697,Check Disbursement,psc-smuthu,Delivered,false
2025-12-13,2025-12-15,2025-12-13,432,Claims Interest,Death Claim Interest,565843,Interest on DTHB - Life,Death,C1000099,AMERICAN FUNERAL FINANCIAL LLC,,Claim Payment,06N1062611,F100217536,Debit,$12.13,20002697,Check Disbursement,psc-smuthu,Delivered,false
2025-12-13,2025-12-15,2025-12-13,432,Suspense,DisbursementClearing,108126,Disbursement Clearing,Death,C1000099,AMERICAN FUNERAL FINANCIAL LLC,,Claim Payment,06N1062611,F100217536,Credit,($12219.07),20002697,Check Disbursement,psc-smuthu,Delivered,false
2025-12-13,2025-12-15,2025-12-13,234,Claims Expense,DeathClaim,555853,DTHB - Flex Life,Death,C1000121,AMERICAN FUNERAL FINANCIAL LLC,,Claim Payment,01N1A22468,F100062132,Debit,$12599.62,20002704,Check Disbursement,psc-nsukumar,Delivered,false
2025-12-13,2025-12-15,2025-12-13,234,Claims Interest,Death Claim Interest,565843,Interest on DTHB - Life,Death,C1000121,AMERICAN FUNERAL FINANCIAL LLC,,Claim Payment,01N1A22468,F100062132,Debit,$14.68,20002704,Check Disbursement,psc-nsukumar,Delivered,false
2025-12-13,2025-12-15,2025-12-13,234,Suspense,DisbursementClearing,108127,Disbursement Clearing,Death,C1000121,AMERICAN FUNERAL FINANCIAL LLC,,Claim Payment,01N1A22468,F100062132,Credit,($12614.30),20002704,Check Disbursement,psc-nsukumar,Delivered,false
2025-12-13,2025-12-15,2025-12-13,234,Claims Expense,DeathClaim,555853,DTHB - Flex Life,Death,C1000121,KELLY A WILLIAMS,,Claim Payment,01N1A22468,F100062132,Debit,$487400.38,,ACH Disbursement,psc-nsukumar,Delivered,false
2025-12-13,2025-12-15,2025-12-13,234,Claims Interest,Death Claim Interest,565843,Interest on DTHB - Life,Death,C1000121,KELLY A WILLIAMS,,Claim Payment,01N1A22468,F100062132,Debit,$567.82,,ACH Disbursement,psc-nsukumar,Delivered,false
2025-12-13,2025-12-15,2025-12-13,234,Suspense,DisbursementClearing,108127,Disbursement Clearing,Death,C1000121,KELLY A WILLIAMS,,Claim Payment,01N1A22468,F100062132,Credit,($487968.20),,ACH Disbursement,psc-nsukumar,Delivered,false
2025-12-13,2025-12-15,2025-12-13,234,Claims Expense,DeathClaim,555853,DTHB - Flex Life,Death,C1000036,NULETTE  S POTTER,,Claim Payment,01N1069153,F100032067,Debit,$25000.00,,ACH Disbursement,psc-smuthu,Delivered,false
2025-12-13,2025-12-15,2025-12-13,234,Claims Interest,Death Claim Interest,565843,Interest on DTHB - Life,Death,C1000036,NULETTE  S POTTER,,Claim Payment,01N1069153,F100032067,Debit,$74.50,,ACH Disbursement,psc-smuthu,Delivered,false
2025-12-13,2025-12-15,2025-12-13,234,Suspense,DisbursementClearing,108127,Disbursement Clearing,Death,C1000036,NULETTE  S POTTER,,Claim Payment,01N1069153,F100032067,Credit,($25074.50),,ACH Disbursement,psc-smuthu,Delivered,false
2025-12-12,2025-12-12,2025-12-12,234,Claims Expense,DeathClaim,555853,DTHB - Flex Life,Death,C1000071,LARRY J BROWN JR,,Claim Payment,01N1109964,F100038737,Debit,$77731.76,,ACH Disbursement,psc-smuthu,Delivered,false
2025-12-12,2025-12-12,2025-12-12,234,Claims Interest,Death Claim Interest,565843,Interest on DTHB - Life,Death,C1000071,LARRY J BROWN JR,,Claim Payment,01N1109964,F100038737,Debit,$630.56,,ACH Disbursement,psc-smuthu,Delivered,false
2025-12-12,2025-12-12,2025-12-12,234,Suspense,DisbursementClearing,108127,Disbursement Clearing,Death,C1000071,LARRY J BROWN JR,,Claim Payment,01N1109964,F100038737,Credit,($78362.32),,ACH Disbursement,psc-smuthu,Delivered,false
2025-12-12,2025-12-12,2025-12-12,234,Claims Expense,DeathClaim,555853,DTHB - Flex Life,Death,C1000071,AMERICAN FUNERAL FINANCIAL LLC ,,Claim Payment,01N1109964,F100038737,Debit,$33120.51,20002627,Check Disbursement,psc-smuthu,Delivered,false
2025-12-12,2025-12-12,2025-12-12,234,Claims Interest,Death Claim Interest,565843,Interest on DTHB - Life,Death,C1000071,AMERICAN FUNERAL FINANCIAL LLC ,,Claim Payment,01N1109964,F100038737,Debit,$268.67,20002627,Check Disbursement,psc-smuthu,Delivered,false
2025-12-12,2025-12-12,2025-12-12,234,Suspense,DisbursementClearing,108127,Disbursement Clearing,Death,C1000071,AMERICAN FUNERAL FINANCIAL LLC ,,Claim Payment,01N1109964,F100038737,Credit,($33389.18),20002627,Check Disbursement,psc-smuthu,Delivered,false
2025-12-12,2025-12-12,2025-12-12,234,Claims Expense,DeathClaim,555853,DTHB - Flex Life,Death,C1000068,SUSAN LOGGHE,,Claim Payment,01N1153324,F100045029,Debit,$100000.00,,ACH Disbursement,psc-nsukumar,Delivered,false
2025-12-12,2025-12-12,2025-12-12,234,Claims Interest,Death Claim Interest,565843,Interest on DTHB - Life,Death,C1000068,SUSAN LOGGHE,,Claim Payment,01N1153324,F100045029,Debit,$1292.80,,ACH Disbursement,psc-nsukumar,Delivered,false
2025-12-12,2025-12-12,2025-12-12,234,Suspense,DisbursementClearing,108127,Disbursement Clearing,Death,C1000068,SUSAN LOGGHE,,Claim Payment,01N1153324,F100045029,Credit,($101292.80),,ACH Disbursement,psc-nsukumar,Delivered,false
2025-12-12,2025-12-12,2025-12-12,234,Claims Expense,DeathClaim,555853,DTHB - Flex Life,Death,C1000065,SAMANTHA BUCKINGHAM,,Claim Payment,01N1190218,F100052547,Debit,$100000.00,,ACH Disbursement,psc-pjayaram,Delivered,false
2025-12-12,2025-12-12,2025-12-12,234,Claims Interest,Death Claim Interest,565843,Interest on DTHB - Life,Death,C1000065,SAMANTHA BUCKINGHAM,,Claim Payment,01N1190218,F100052547,Debit,$107.15,,ACH Disbursement,psc-pjayaram,Delivered,false
2025-12-12,2025-12-12,2025-12-12,234,Capitalized Loan Interest,,450500,CAPITALIZED LOAN INTEREST,Death,C1000065,SAMANTHA BUCKINGHAM,,Claim Payment,01N1190218,F100052547,Credit,($448.13),,ACH Disbursement,psc-pjayaram,Delivered,false
2025-12-12,2025-12-12,2025-12-12,234,Policy Loan,,105000,Policy Loan,Death,C1000065,SAMANTHA BUCKINGHAM,,Claim Payment,01N1190218,F100052547,Credit,($21336.97),,ACH Disbursement,psc-pjayaram,Delivered,false
2025-12-12,2025-12-12,2025-12-12,234,Suspense,DisbursementClearing,108127,Disbursement Clearing,Death,C1000065,SAMANTHA BUCKINGHAM,,Claim Payment,01N1190218,F100052547,Credit,($78322.05),,ACH Disbursement,psc-pjayaram,Delivered,false
2025-12-12,2025-12-12,2025-12-12,234,Claims Expense,DeathClaim,555853,DTHB - Flex Life,Death,248064958,MINDA M DACUYCUY,,Claim Payment,01N1E18524,F100107183,Debit,$50000.00,20002645,Check Disbursement,psc-smuthu,Delivered,false
2025-12-12,2025-12-12,2025-12-12,234,Claims Interest,Death Claim Interest,565843,Interest on DTHB - Life,Death,248064958,MINDA M DACUYCUY,,Claim Payment,01N1E18524,F100107183,Debit,$345.84,20002645,Check Disbursement,psc-smuthu,Delivered,false
2025-12-12,2025-12-12,2025-12-12,234,Capitalized Loan Interest,,450500,CAPITALIZED LOAN INTEREST,Death,248064958,MINDA M DACUYCUY,,Claim Payment,01N1E18524,F100107183,Credit,($182.01),20002645,Check Disbursement,psc-smuthu,Delivered,false
2025-12-12,2025-12-12,2025-12-12,234,Policy Loan,,105000,Policy Loan,Death,248064958,MINDA M DACUYCUY,,Claim Payment,01N1E18524,F100107183,Credit,($5984.99),20002645,Check Disbursement,psc-smuthu,Delivered,false
2025-12-12,2025-12-12,2025-12-12,234,Suspense,DisbursementClearing,108127,Disbursement Clearing,Death,248064958,MINDA M DACUYCUY,,Claim Payment,01N1E18524,F100107183,Credit,($44178.84),20002645,Check Disbursement,psc-smuthu,Delivered,false
2025-12-12,2025-12-12,2025-12-12,234,Claims Expense,DeathClaim,555853,DTHB - Flex Life,Death,248064958,PERLAS  M DACUYCUY CALHOUN,,Claim Payment,01N1E18524,F100107183,Debit,$14903.23,20002646,Check Disbursement,psc-smuthu,Delivered,false
2025-12-12,2025-12-12,2025-12-12,234,Claims Interest,Death Claim Interest,565843,Interest on DTHB - Life,Death,248064958,PERLAS  M DACUYCUY CALHOUN,,Claim Payment,01N1E18524,F100107183,Debit,$117.59,20002646,Check Disbursement,psc-smuthu,Delivered,false
2025-12-12,2025-12-12,2025-12-12,234,Suspense,DisbursementClearing,108127,Disbursement Clearing,Death,248064958,PERLAS  M DACUYCUY CALHOUN,,Claim Payment,01N1E18524,F100107183,Credit,($15020.82),20002646,Check Disbursement,psc-smuthu,Delivered,false
2025-12-12,2025-12-12,2025-12-12,234,Claims Expense,DeathClaim,555853,DTHB - Flex Life,Death,248064958,ROCKY  M DACUYCUY,,Claim Payment,01N1E18524,F100107183,Debit,$17000.00,20002647,Check Disbursement,psc-smuthu,Delivered,false
2025-12-12,2025-12-12,2025-12-12,234,Claims Interest,Death Claim Interest,565843,Interest on DTHB - Life,Death,248064958,ROCKY  M DACUYCUY,,Claim Payment,01N1E18524,F100107183,Debit,$117.59,20002647,Check Disbursement,psc-smuthu,Delivered,false
2025-12-12,2025-12-12,2025-12-12,234,Capitalized Loan Interest,,450500,CAPITALIZED LOAN INTEREST,Death,248064958,ROCKY  M DACUYCUY,,Claim Payment,01N1E18524,F100107183,Credit,($61.88),20002647,Check Disbursement,psc-smuthu,Delivered,false
2025-12-12,2025-12-12,2025-12-12,234,Policy Loan,,105000,Policy Loan,Death,248064958,ROCKY  M DACUYCUY,,Claim Payment,01N1E18524,F100107183,Credit,($2034.90),20002647,Check Disbursement,psc-smuthu,Delivered,false
2025-12-12,2025-12-12,2025-12-12,234,Suspense,DisbursementClearing,108127,Disbursement Clearing,Death,248064958,ROCKY  M DACUYCUY,,Claim Payment,01N1E18524,F100107183,Credit,($15020.81),20002647,Check Disbursement,psc-smuthu,Delivered,false
2025-12-12,2025-12-12,2025-12-12,234,Claims Expense,DeathClaim,555853,DTHB - Flex Life,Death,248064958,TIFFANY  ANN M DACUYCUY,,Claim Payment,01N1E18524,F100107183,Debit,$16000.00,20002648,Check Disbursement,psc-smuthu,Delivered,false
2025-12-12,2025-12-12,2025-12-12,234,Claims Interest,Death Claim Interest,565843,Interest on DTHB - Life,Death,248064958,TIFFANY  ANN M DACUYCUY,,Claim Payment,01N1E18524,F100107183,Debit,$110.67,20002648,Check Disbursement,psc-smuthu,Delivered,false
2025-12-12,2025-12-12,2025-12-12,234,Capitalized Loan Interest,,450500,CAPITALIZED LOAN INTEREST,Death,248064958,TIFFANY  ANN M DACUYCUY,,Claim Payment,01N1E18524,F100107183,Credit,($58.24),20002648,Check Disbursement,psc-smuthu,Delivered,false
2025-12-12,2025-12-12,2025-12-12,234,Policy Loan,,105000,Policy Loan,Death,248064958,TIFFANY  ANN M DACUYCUY,,Claim Payment,01N1E18524,F100107183,Credit,($1915.20),20002648,Check Disbursement,psc-smuthu,Delivered,false
2025-12-12,2025-12-12,2025-12-12,234,Suspense,DisbursementClearing,108127,Disbursement Clearing,Death,248064958,TIFFANY  ANN M DACUYCUY,,Claim Payment,01N1E18524,F100107183,Credit,($14137.23),20002648,Check Disbursement,psc-smuthu,Delivered,false
2025-12-12,2025-12-12,2025-12-12,234,Claims Expense,DeathClaim,555853,DTHB - Flex Life,Death,C1000147,CALIFORNIA STATE  DISBURSEMENT UNIT,,Claim Payment,01N1193200,F100065878,Debit,$1719.99,20002651,Check Disbursement,psc-pjayaram,Delivered,false
2025-12-12,2025-12-12,2025-12-12,234,Suspense,DisbursementClearing,108127,Disbursement Clearing,Death,C1000147,CALIFORNIA STATE  DISBURSEMENT UNIT,,Claim Payment,01N1193200,F100065878,Credit,($1719.99),20002651,Check Disbursement,psc-pjayaram,Delivered,false
2025-12-12,2025-12-12,2025-12-12,234,Claims Expense,DeathClaim,555853,DTHB - Flex Life,Death,C1000147,OTIS W GREENE,,Claim Payment,01N1193200,F100065878,Debit,$22530.01,,ACH Disbursement,psc-pjayaram,Delivered,false
2025-12-12,2025-12-12,2025-12-12,234,Claims Interest,Death Claim Interest,565843,Interest on DTHB - Life,Death,C1000147,OTIS W GREENE,,Claim Payment,01N1193200,F100065878,Debit,$29.89,,ACH Disbursement,psc-pjayaram,Delivered,false
2025-12-12,2025-12-12,2025-12-12,234,Suspense,DisbursementClearing,108127,Disbursement Clearing,Death,C1000147,OTIS W GREENE,,Claim Payment,01N1193200,F100065878,Credit,($22559.90),,ACH Disbursement,psc-pjayaram,Delivered,false
2025-12-12,2025-12-12,2025-12-12,234,Claims Expense,DeathClaim,555853,DTHB - Flex Life,Death,C1000147,CLAYTON POWELL,,Claim Payment,01N1193200,F100065878,Debit,$24250.00,,ACH Disbursement,psc-pjayaram,Delivered,false
2025-12-12,2025-12-12,2025-12-12,234,Claims Interest,Death Claim Interest,565843,Interest on DTHB - Life,Death,C1000147,CLAYTON POWELL,,Claim Payment,01N1193200,F100065878,Debit,$29.89,,ACH Disbursement,psc-pjayaram,Delivered,false
2025-12-12,2025-12-12,2025-12-12,234,Suspense,DisbursementClearing,108127,Disbursement Clearing,Death,C1000147,CLAYTON POWELL,,Claim Payment,01N1193200,F100065878,Credit,($24279.89),,ACH Disbursement,psc-pjayaram,Delivered,false
2025-12-11,2025-12-11,2025-12-11,234,Claims Expense,DeathClaim,555853,DTHB - Flex Life,Death,C1000066,ROBIN LYNNE SKEEN,,Claim Payment,01N1105348,F100037887,Debit,$110741.49,20002597,Check Disbursement,psc-pjayaram,Delivered,false
2025-12-11,2025-12-11,2025-12-11,234,Claims Interest,Death Claim Interest,565843,Interest on DTHB - Life,Death,C1000066,ROBIN LYNNE SKEEN,,Claim Payment,01N1105348,F100037887,Debit,$141.26,20002597,Check Disbursement,psc-pjayaram,Delivered,false
2025-12-11,2025-12-11,2025-12-11,234,Capitalized Loan Interest,,450500,CAPITALIZED LOAN INTEREST,Death,C1000066,ROBIN LYNNE SKEEN,,Claim Payment,01N1105348,F100037887,Credit,($22.53),20002597,Check Disbursement,psc-pjayaram,Delivered,false
2025-12-11,2025-12-11,2025-12-11,234,Policy Loan,,105000,Policy Loan,Death,C1000066,ROBIN LYNNE SKEEN,,Claim Payment,01N1105348,F100037887,Credit,($2165.13),20002597,Check Disbursement,psc-pjayaram,Delivered,false
2025-12-11,2025-12-11,2025-12-11,234,Suspense,DisbursementClearing,108127,Disbursement Clearing,Death,C1000066,ROBIN LYNNE SKEEN,,Claim Payment,01N1105348,F100037887,Credit,($108695.09),20002597,Check Disbursement,psc-pjayaram,Delivered,false
2025-12-11,2025-12-11,2025-12-11,030,Claims Expense,DeathClaim,555843,DTHB - Life,Death,C1000007,EXPRESS FUNERAL FUNDING LLC,,Claim Payment,05W1013642,F100008569,Debit,$10963.18,20002615,Check Disbursement,psc-pjayaram,Delivered,false
2025-12-11,2025-12-11,2025-12-11,030,Suspense,DisbursementClearing,108125,Disbursement Clearing,Death,C1000007,EXPRESS FUNERAL FUNDING LLC,,Claim Payment,05W1013642,F100008569,Credit,($10963.18),20002615,Check Disbursement,psc-pjayaram,Delivered,false
2025-12-10,2025-12-10,2025-12-10,234,Claims Expense,DeathClaim,555853,DTHB - Flex Life,Death,C1000191,ALEXANDRA LAUGHLIN,,Claim Payment,01N1383370,F100148191,Debit,$225143.66,20002568,Check Disbursement,psc-pjayaram,Delivered,false
2025-12-10,2025-12-10,2025-12-10,234,Suspense,Policy,220010,POLICY SUSPENSE,Death,C1000191,ALEXANDRA LAUGHLIN,,Claim Payment,01N1383370,F100148191,Debit,$213.60,20002568,Check Disbursement,psc-pjayaram,Delivered,false
2025-12-10,2025-12-10,2025-12-10,234,Suspense,DisbursementClearing,108127,Disbursement Clearing,Death,C1000191,ALEXANDRA LAUGHLIN,,Claim Payment,01N1383370,F100148191,Credit,($225357.26),20002568,Check Disbursement,psc-pjayaram,Delivered,false
2025-12-09,2025-12-09,2025-12-09,234,Claims Expense,DeathClaim,555853,DTHB - Flex Life,Death,248064955,SUE A ALLEN,,Claim Payment,01N1A48983,F100101171,Debit,$500000.00,20002471,Check Disbursement,psc-nsukumar,Delivered,false
2025-12-09,2025-12-09,2025-12-09,234,Claims Interest,Death Claim Interest,565843,Interest on DTHB - Life,Death,248064955,SUE A ALLEN,,Claim Payment,01N1A48983,F100101171,Debit,$876.00,20002471,Check Disbursement,psc-nsukumar,Delivered,false
2025-12-09,2025-12-09,2025-12-09,234,Suspense,DisbursementClearing,108127,Disbursement Clearing,Death,248064955,SUE A ALLEN,,Claim Payment,01N1A48983,F100101171,Credit,($500876.00),20002471,Check Disbursement,psc-nsukumar,Delivered,false
2025-12-08,2025-12-08,2025-12-08,234,Claims Expense,DeathClaim,555853,DTHB - Flex Life,Death,C1000070,PATRICIA ANN LEE,,Claim Payment,01N1073004,F100032064,Debit,$70000.00,,ACH Disbursement,psc-nsukumar,Delivered,false
2025-12-08,2025-12-08,2025-12-08,234,Claims Interest,Death Claim Interest,565843,Interest on DTHB - Life,Death,C1000070,PATRICIA ANN LEE,,Claim Payment,01N1073004,F100032064,Debit,$134.22,,ACH Disbursement,psc-nsukumar,Delivered,false
2025-12-08,2025-12-08,2025-12-08,234,Suspense,DisbursementClearing,108127,Disbursement Clearing,Death,C1000070,PATRICIA ANN LEE,,Claim Payment,01N1073004,F100032064,Credit,($70134.22),,ACH Disbursement,psc-nsukumar,Delivered,false
2025-12-08,2025-12-08,2025-12-08,234,Claims Expense,DeathClaim,555853,DTHB - Flex Life,Death,248064971,JEREMY RAYMOND MILLER,,Claim Payment,01N1379456,F100148919,Debit,$200000.00,20002457,Check Disbursement,psc-smuthu,Delivered,false
2025-12-08,2025-12-08,2025-12-08,234,Claims Interest,Death Claim Interest,565843,Interest on DTHB - Life,Death,248064971,JEREMY RAYMOND MILLER,,Claim Payment,01N1379456,F100148919,Debit,$217.44,20002457,Check Disbursement,psc-smuthu,Delivered,false
2025-12-08,2025-12-08,2025-12-08,234,Capitalized Loan Interest,,450500,CAPITALIZED LOAN INTEREST,Death,248064971,JEREMY RAYMOND MILLER,,Claim Payment,01N1379456,F100148919,Credit,($357.26),20002457,Check Disbursement,psc-smuthu,Delivered,false
2025-12-08,2025-12-08,2025-12-08,234,Policy Loan,,105000,Policy Loan,Death,248064971,JEREMY RAYMOND MILLER,,Claim Payment,01N1379456,F100148919,Credit,($13000.15),20002457,Check Disbursement,psc-smuthu,Delivered,false
2025-12-08,2025-12-08,2025-12-08,234,Suspense,DisbursementClearing,108127,Disbursement Clearing,Death,248064971,JEREMY RAYMOND MILLER,,Claim Payment,01N1379456,F100148919,Credit,($186860.03),20002457,Check Disbursement,psc-smuthu,Delivered,false
2025-12-05,2025-12-05,2025-12-05,234,Claims Expense,DeathClaim,555853,DTHB - Flex Life,Death,248064974,ALLAN T ANGALA,,Claim Payment,01N1E25016,F100107598,Debit,$60000.00,20002362,Check Disbursement,psc-pjayaram,Delivered,false
2025-12-05,2025-12-05,2025-12-05,234,Claims Interest,Death Claim Interest,565843,Interest on DTHB - Life,Death,248064974,ALLAN T ANGALA,,Claim Payment,01N1E25016,F100107598,Debit,$295.92,20002362,Check Disbursement,psc-pjayaram,Delivered,false
2025-12-05,2025-12-05,2025-12-05,234,Suspense,DisbursementClearing,108127,Disbursement Clearing,Death,248064974,ALLAN T ANGALA,,Claim Payment,01N1E25016,F100107598,Credit,($60295.92),20002362,Check Disbursement,psc-pjayaram,Delivered,false
2025-12-05,2025-12-05,2025-12-05,234,Claims Expense,DeathClaim,555853,DTHB - Flex Life,Death,248064974,PETRONIA T ANGALA,,Claim Payment,01N1E25016,F100107598,Debit,$10000.00,20002363,Check Disbursement,psc-pjayaram,Delivered,false
2025-12-05,2025-12-05,2025-12-05,234,Claims Interest,Death Claim Interest,565843,Interest on DTHB - Life,Death,248064974,PETRONIA T ANGALA,,Claim Payment,01N1E25016,F100107598,Debit,$49.32,20002363,Check Disbursement,psc-pjayaram,Delivered,false
2025-12-05,2025-12-05,2025-12-05,234,Suspense,DisbursementClearing,108127,Disbursement Clearing,Death,248064974,PETRONIA T ANGALA,,Claim Payment,01N1E25016,F100107598,Credit,($10049.32),20002363,Check Disbursement,psc-pjayaram,Delivered,false
2025-12-05,2025-12-05,2025-12-05,234,Claims Expense,DeathClaim,555853,DTHB - Flex Life,Death,248064974,ANGELITO T ANGALA,,Claim Payment,01N1E25016,F100107598,Debit,$10000.00,20002364,Check Disbursement,psc-pjayaram,Delivered,false
2025-12-05,2025-12-05,2025-12-05,234,Claims Interest,Death Claim Interest,565843,Interest on DTHB - Life,Death,248064974,ANGELITO T ANGALA,,Claim Payment,01N1E25016,F100107598,Debit,$49.32,20002364,Check Disbursement,psc-pjayaram,Delivered,false
2025-12-05,2025-12-05,2025-12-05,234,Suspense,DisbursementClearing,108127,Disbursement Clearing,Death,248064974,ANGELITO T ANGALA,,Claim Payment,01N1E25016,F100107598,Credit,($10049.32),20002364,Check Disbursement,psc-pjayaram,Delivered,false
2025-12-05,2025-12-05,2025-12-05,234,Claims Expense,DeathClaim,555853,DTHB - Flex Life,Death,248064974,LADY HERSEY T ANGALA,,Claim Payment,01N1E25016,F100107598,Debit,$10000.00,20002365,Check Disbursement,psc-pjayaram,Delivered,false
2025-12-05,2025-12-05,2025-12-05,234,Claims Interest,Death Claim Interest,565843,Interest on DTHB - Life,Death,248064974,LADY HERSEY T ANGALA,,Claim Payment,01N1E25016,F100107598,Debit,$49.32,20002365,Check Disbursement,psc-pjayaram,Delivered,false
2025-12-05,2025-12-05,2025-12-05,234,Suspense,DisbursementClearing,108127,Disbursement Clearing,Death,248064974,LADY HERSEY T ANGALA,,Claim Payment,01N1E25016,F100107598,Credit,($10049.32),20002365,Check Disbursement,psc-pjayaram,Delivered,false
2025-12-05,2025-12-05,2025-12-05,234,Claims Expense,DeathClaim,555853,DTHB - Flex Life,Death,248064974,JOSELITO T ANGALA,,Claim Payment,01N1E25016,F100107598,Debit,$10000.00,20002366,Check Disbursement,psc-pjayaram,Delivered,false
2025-12-05,2025-12-05,2025-12-05,234,Claims Interest,Death Claim Interest,565843,Interest on DTHB - Life,Death,248064974,JOSELITO T ANGALA,,Claim Payment,01N1E25016,F100107598,Debit,$49.32,20002366,Check Disbursement,psc-pjayaram,Delivered,false
2025-12-05,2025-12-05,2025-12-05,234,Suspense,DisbursementClearing,108127,Disbursement Clearing,Death,248064974,JOSELITO T ANGALA,,Claim Payment,01N1E25016,F100107598,Credit,($10049.32),20002366,Check Disbursement,psc-pjayaram,Delivered,false
2025-12-05,2025-12-05,2025-12-05,030,Claims Expense,DeathClaim,951005,Excess Life Death Benefit,Death,774963863,ELIZABETH L TRIPP,,Claim Payment,AM16212093,F100241851,Debit,$214.85,20002378,Check Disbursement,psc-nsukumar,Delivered,false
2025-12-05,2025-12-05,2025-12-05,030,Claims Interest,Death Claim Interest,565843,Interest on DTHB - Life,Death,774963863,ELIZABETH L TRIPP,,Claim Payment,AM16212093,F100241851,Debit,$191.61,20002378,Check Disbursement,psc-nsukumar,Delivered,false
2025-12-05,2025-12-05,2025-12-05,030,Claims Expense,SeparateAccount,951004,Life Death Benefits - Separate Account,Death,774963863,ELIZABETH L TRIPP,,Claim Payment,AM16212093,F100241851,Debit,$118799.32,20002378,Check Disbursement,psc-nsukumar,Delivered,false
2025-12-05,2025-12-05,2025-12-05,030,Separate Account Transfer,,901001,Separate Account Transfe,Death,774963863,ELIZABETH L TRIPP,,Claim Payment,AM16212093,F100241851,Credit,($118799.32),20002378,Check Disbursement,psc-nsukumar,Delivered,false
2025-12-05,2025-12-05,2025-12-05,030,Operating Bank Account,,901002,Operating Bank Account,Death,774963863,ELIZABETH L TRIPP,,Claim Payment,AM16212093,F100241851,Debit,$118799.32,20002378,Check Disbursement,psc-nsukumar,Delivered,false
2025-12-05,2025-12-05,2025-12-05,030,Operating Bank Account,,901002,Operating Bank Account,Death,774963863,ELIZABETH L TRIPP,,Claim Payment,AM16212093,F100241851,Credit,($118799.32),20002378,Check Disbursement,psc-nsukumar,Delivered,false
2025-12-05,2025-12-05,2025-12-05,030,Separate Accounts Asset,,900021,Separate Account Assets - Insulated,Death,774963863,ELIZABETH L TRIPP,,Claim Payment,AM16212093,F100241851,Credit,($81534.27),20002378,Check Disbursement,psc-nsukumar,Delivered,false
2025-12-05,2025-12-05,2025-12-05,030,Suspense,StateStreet,902002,State Street Suspense,Death,774963863,ELIZABETH L TRIPP,,Claim Payment,AM16212093,F100241851,Debit,$81534.27,20002378,Check Disbursement,psc-nsukumar,Delivered,false
2025-12-05,2025-12-05,2025-12-05,030,Separate Accounts Asset,,900021,Separate Account Assets - Insulated,Death,774963863,ELIZABETH L TRIPP,,Claim Payment,AM16212093,F100241851,Credit,($37265.05),20002378,Check Disbursement,psc-nsukumar,Delivered,false
2025-12-05,2025-12-05,2025-12-05,030,Suspense,StateStreet,902002,State Street Suspense,Death,774963863,ELIZABETH L TRIPP,,Claim Payment,AM16212093,F100241851,Debit,$37265.05,20002378,Check Disbursement,psc-nsukumar,Delivered,false
2025-12-05,2025-12-05,2025-12-05,030,Depository Bank Account,,901003,Depository Bank Account,Death,774963863,ELIZABETH L TRIPP,,Claim Payment,AM16212093,F100241851,Debit,$118799.32,20002378,Check Disbursement,psc-nsukumar,Delivered,false
2025-12-05,2025-12-05,2025-12-05,030,Suspense,StateStreet,902002,State Street Suspense,Death,774963863,ELIZABETH L TRIPP,,Claim Payment,AM16212093,F100241851,Credit,($118799.32),20002378,Check Disbursement,psc-nsukumar,Delivered,false
2025-12-05,2025-12-05,2025-12-05,030,Suspense,DisbursementClearing,108128,Disbursement Clearing,Death,774963863,ELIZABETH L TRIPP,,Claim Payment,AM16212093,F100241851,Credit,($119205.78),20002378,Check Disbursement,psc-nsukumar,Delivered,false
2025-12-05,2025-12-05,2025-12-05,030,Separate Account,DeathClaim,950003,Separate Account - Life Death Benefit,Death,774963863,ELIZABETH L TRIPP,,Claim Payment,AM16212093,F100241851,Debit,$81534.27,20002378,Check Disbursement,psc-nsukumar,Delivered,false
2025-12-05,2025-12-05,2025-12-05,030,Separate Account,DeathClaim,950003,Separate Account - Life Death Benefit,Death,774963863,ELIZABETH L TRIPP,,Claim Payment,AM16212093,F100241851,Debit,$37265.05,20002378,Check Disbursement,psc-nsukumar,Delivered,false
2025-12-04,2025-12-04,2025-12-04,030,Claims Expense,DeathClaim,555843,DTHB - Life,Death,C1000033,AURORA FERNANDEZ,,Claim Payment,05W1014382,F100008781,Debit,$328915.72,,ACH Disbursement,psc-smuthu,Delivered,false
2025-12-04,2025-12-04,2025-12-04,030,Claims Interest,Death Claim Interest,565843,Interest on DTHB - Life,Death,C1000033,AURORA FERNANDEZ,,Claim Payment,05W1014382,F100008781,Debit,$912.33,,ACH Disbursement,psc-smuthu,Delivered,false
2025-12-04,2025-12-04,2025-12-04,030,Suspense,DisbursementClearing,108125,Disbursement Clearing,Death,C1000033,AURORA FERNANDEZ,,Claim Payment,05W1014382,F100008781,Credit,($329828.05),,ACH Disbursement,psc-smuthu,Delivered,false
2025-12-04,2025-12-04,2025-12-04,234,Claims Expense,DeathClaim,555853,DTHB - Flex Life,Death,C1000067,ARNOLD  E BROWN,,Claim Payment,01N1098045,F100036369,Debit,$100000.00,,ACH Disbursement,psc-nsukumar,Delivered,false
2025-12-04,2025-12-04,2025-12-04,234,Claims Interest,Death Claim Interest,565843,Interest on DTHB - Life,Death,C1000067,ARNOLD  E BROWN,,Claim Payment,01N1098045,F100036369,Debit,$116.50,,ACH Disbursement,psc-nsukumar,Delivered,false
2025-12-04,2025-12-04,2025-12-04,234,Suspense,DisbursementClearing,108127,Disbursement Clearing,Death,C1000067,ARNOLD  E BROWN,,Claim Payment,01N1098045,F100036369,Credit,($100116.50),,ACH Disbursement,psc-nsukumar,Delivered,false
2025-12-04,2025-12-04,2025-12-04,234,Claims Expense,DeathClaim,555853,DTHB - Flex Life,Death,248064936,ELGUSTA  WRIGHT JR,,Claim Payment,01N1104596,F100063500,Debit,$39600.00,20002314,Check Disbursement,psc-nsukumar,Delivered,false
2025-12-04,2025-12-04,2025-12-04,234,Claims Interest,Death Claim Interest,565843,Interest on DTHB - Life,Death,248064936,ELGUSTA  WRIGHT JR,,Claim Payment,01N1104596,F100063500,Debit,$55.59,20002314,Check Disbursement,psc-nsukumar,Delivered,false
2025-12-04,2025-12-04,2025-12-04,234,Suspense,DisbursementClearing,108127,Disbursement Clearing,Death,248064936,ELGUSTA  WRIGHT JR,,Claim Payment,01N1104596,F100063500,Credit,($39655.59),20002314,Check Disbursement,psc-nsukumar,Delivered,false
2025-12-04,2025-12-04,2025-12-04,234,Claims Expense,DeathClaim,555853,DTHB - Flex Life,Death,248064936,EXPRESS FUNERAL FUNDING LLC,,Claim Payment,01N1104596,F100063500,Debit,$10400.00,20002317,Check Disbursement,psc-nsukumar,Delivered,false
2025-12-04,2025-12-04,2025-12-04,234,Claims Interest,Death Claim Interest,565843,Interest on DTHB - Life,Death,248064936,EXPRESS FUNERAL FUNDING LLC,,Claim Payment,01N1104596,F100063500,Debit,$14.60,20002317,Check Disbursement,psc-nsukumar,Delivered,false
2025-12-04,2025-12-04,2025-12-04,234,Suspense,DisbursementClearing,108127,Disbursement Clearing,Death,248064936,EXPRESS FUNERAL FUNDING LLC,,Claim Payment,01N1104596,F100063500,Credit,($10414.60),20002317,Check Disbursement,psc-nsukumar,Delivered,false
2025-12-04,2025-12-04,2025-12-04,234,Claims Expense,DeathClaim,555853,DTHB - Flex Life,Death,248064866,ROBERT E HELMS,,Claim Payment,01N1102286,F100063290,Debit,$300000.00,20002322,Check Disbursement,psc-nsukumar,Delivered,false
2025-12-04,2025-12-04,2025-12-04,234,Claims Interest,Death Claim Interest,565843,Interest on DTHB - Life,Death,248064866,ROBERT E HELMS,,Claim Payment,01N1102286,F100063290,Debit,$904.12,20002322,Check Disbursement,psc-nsukumar,Delivered,false
2025-12-04,2025-12-04,2025-12-04,234,Suspense,DisbursementClearing,108127,Disbursement Clearing,Death,248064866,ROBERT E HELMS,,Claim Payment,01N1102286,F100063290,Credit,($300904.12),20002322,Check Disbursement,psc-nsukumar,Delivered,false
2025-12-04,2025-12-05,2025-12-04,234,Claims Expense,DeathClaim,555853,DTHB - Flex Life,Death,248064952,STEPHEN FRANCESCONE,,Claim Payment,01N1771302,F100179721,Debit,$275000.00,20002327,Check Disbursement,psc-pjayaram,Delivered,false
2025-12-04,2025-12-05,2025-12-04,234,Suspense,DisbursementClearing,108127,Disbursement Clearing,Death,248064952,STEPHEN FRANCESCONE,,Claim Payment,01N1771302,F100179721,Credit,($275000.00),20002327,Check Disbursement,psc-pjayaram,Delivered,false
2025-12-03,2025-12-03,2025-12-03,234,Claims Expense,DeathClaim,555853,DTHB - Flex Life,Death,C1000030,CAMERON MICHELLE KIRKSEY,,Claim Payment,01N1088392,F100034635,Debit,$75000.00,20002262,Check Disbursement,psc-pjayaram,Delivered,false
2025-12-03,2025-12-03,2025-12-03,234,Claims Interest,Death Claim Interest,565843,Interest on DTHB - Life,Death,C1000030,CAMERON MICHELLE KIRKSEY,,Claim Payment,01N1088392,F100034635,Debit,$2086.95,20002262,Check Disbursement,psc-pjayaram,Delivered,false
2025-12-03,2025-12-03,2025-12-03,234,Life Premium - Additional,Premium Renewal,400053,Flex Life Premium - Additional,Death,C1000030,CAMERON MICHELLE KIRKSEY,,Claim Payment,01N1088392,F100034635,Debit,$37.50,20002262,Check Disbursement,psc-pjayaram,Delivered,false
2025-12-03,2025-12-03,2025-12-03,234,Suspense,DirectBill,220010,POLICY SUSPENSE,Death,C1000030,CAMERON MICHELLE KIRKSEY,,Claim Payment,01N1088392,F100034635,Debit,$12.50,20002262,Check Disbursement,psc-pjayaram,Delivered,false
2025-12-03,2025-12-03,2025-12-03,234,Suspense,DisbursementClearing,108127,Disbursement Clearing,Death,C1000030,CAMERON MICHELLE KIRKSEY,,Claim Payment,01N1088392,F100034635,Credit,($77136.95),20002262,Check Disbursement,psc-pjayaram,Delivered,false
2025-12-03,2025-12-03,2025-12-03,234,Claims Expense,DeathClaim,555853,DTHB - Flex Life,Death,248064940,PASCAL NGHIA  TRAN,,Claim Payment,01N1A02290,F100066838,Debit,$48000.00,20002268,Check Disbursement,psc-nsukumar,Delivered,false
2025-12-03,2025-12-03,2025-12-03,234,Claims Interest,Death Claim Interest,565843,Interest on DTHB - Life,Death,248064940,PASCAL NGHIA  TRAN,,Claim Payment,01N1A02290,F100066838,Debit,$117.04,20002268,Check Disbursement,psc-nsukumar,Delivered,false
2025-12-03,2025-12-03,2025-12-03,234,Suspense,DisbursementClearing,108127,Disbursement Clearing,Death,248064940,PASCAL NGHIA  TRAN,,Claim Payment,01N1A02290,F100066838,Credit,($48117.04),20002268,Check Disbursement,psc-nsukumar,Delivered,false
2025-12-02,2025-12-02,2025-12-02,234,Claims Expense,DeathClaim,555853,DTHB - Flex Life,Death,C1000064,HAROLD ANTHONY,,Claim Payment,01N1A10957,F100059746,Debit,$50000.00,,ACH Disbursement,psc-pjayaram,Delivered,false
2025-12-02,2025-12-02,2025-12-02,234,Claims Interest,Death Claim Interest,565843,Interest on DTHB - Life,Death,C1000064,HAROLD ANTHONY,,Claim Payment,01N1A10957,F100059746,Debit,$56.50,,ACH Disbursement,psc-pjayaram,Delivered,false
2025-12-02,2025-12-02,2025-12-02,234,Suspense,DisbursementClearing,108127,Disbursement Clearing,Death,C1000064,HAROLD ANTHONY,,Claim Payment,01N1A10957,F100059746,Credit,($50056.50),,ACH Disbursement,psc-pjayaram,Delivered,false
2025-12-02,2025-12-02,2025-12-02,234,Claims Expense,DeathClaim,555853,DTHB - Flex Life,Death,C1000056,HENRY H THOMPSON JR,,Claim Payment,01N1087854,F100033724,Debit,$100000.00,20002217,Check Disbursement,psc-smuthu,Delivered,false
2025-12-02,2025-12-02,2025-12-02,234,Suspense,DisbursementClearing,108127,Disbursement Clearing,Death,C1000056,HENRY H THOMPSON JR,,Claim Payment,01N1087854,F100033724,Credit,($100000.00),20002217,Check Disbursement,psc-smuthu,Delivered,false
2025-12-01,2025-12-01,2025-12-01,234,Claims Expense,DeathClaim,555853,DTHB - Flex Life,Death,248064785,CHARLES ANDERSON,,Claim Payment,01N1E20292,F100190858,Debit,$91204.72,20002164,Check Disbursement,psc-smuthu,Delivered,false
2025-12-01,2025-12-01,2025-12-01,234,Claims Interest,Death Claim Interest,565843,Interest on DTHB - Life,Death,248064785,CHARLES ANDERSON,,Claim Payment,01N1E20292,F100190858,Debit,$202.85,20002164,Check Disbursement,psc-smuthu,Delivered,false
2025-12-01,2025-12-01,2025-12-01,234,Capitalized Loan Interest,,450500,CAPITALIZED LOAN INTEREST,Death,248064785,CHARLES ANDERSON,,Claim Payment,01N1E20292,F100190858,Credit,($96.63),20002164,Check Disbursement,psc-smuthu,Delivered,false
2025-12-01,2025-12-01,2025-12-01,234,Policy Loan,,105000,Policy Loan,Death,248064785,CHARLES ANDERSON,,Claim Payment,01N1E20292,F100190858,Credit,($5540.42),20002164,Check Disbursement,psc-smuthu,Delivered,false
2025-12-01,2025-12-01,2025-12-01,234,Suspense,DisbursementClearing,108127,Disbursement Clearing,Death,248064785,CHARLES ANDERSON,,Claim Payment,01N1E20292,F100190858,Credit,($85770.52),20002164,Check Disbursement,psc-smuthu,Delivered,false
2025-12-01,2025-12-01,2025-12-01,234,Claims Expense,DeathClaim,555853,DTHB - Flex Life,Death,248064785,C AND J FINANCIAL LLC,,Claim Payment,01N1E20292,F100190858,Debit,$8795.28,20002165,Check Disbursement,psc-smuthu,Delivered,false
2025-12-01,2025-12-01,2025-12-01,234,Claims Interest,Death Claim Interest,565843,Interest on DTHB - Life,Death,248064785,C AND J FINANCIAL LLC,,Claim Payment,01N1E20292,F100190858,Debit,$20.85,20002165,Check Disbursement,psc-smuthu,Delivered,false
2025-12-01,2025-12-01,2025-12-01,234,Suspense,DisbursementClearing,108127,Disbursement Clearing,Death,248064785,C AND J FINANCIAL LLC,,Claim Payment,01N1E20292,F100190858,Credit,($8816.13),20002165,Check Disbursement,psc-smuthu,Delivered,false
2025-12-01,2025-12-01,2025-12-01,030,Claims Expense,DeathClaim,555843,DTHB - Life,Death,C1000063,LINDA LEE KINCAID,,Claim Payment,05W1E03575,F100001149,Debit,$62380.13,20002166,Check Disbursement,psc-smuthu,Delivered,false
2025-12-01,2025-12-01,2025-12-01,030,Suspense,DisbursementClearing,108125,Disbursement Clearing,Death,C1000063,LINDA LEE KINCAID,,Claim Payment,05W1E03575,F100001149,Credit,($62380.13),20002166,Check Disbursement,psc-smuthu,Delivered,false
2025-12-01,2025-12-01,2025-12-01,234,Claims Expense,DeathClaim,555853,DTHB - Flex Life,Death,248064980,SHARON M DANTZLER,,Claim Payment,01N1236137,F100068303,Debit,$129371.00,20002172,Check Disbursement,psc-pjayaram,Delivered,false
2025-12-01,2025-12-01,2025-12-01,234,Suspense,DisbursementClearing,108127,Disbursement Clearing,Death,248064980,SHARON M DANTZLER,,Claim Payment,01N1236137,F100068303,Credit,($129371.00),20002172,Check Disbursement,psc-pjayaram,Delivered,false
