Transaction,,,,,,,,,,,,,,
Creation,Transaction,,,,,,,,Check,Paid,Age,,,
Cycle,Effective,Policy,Agent,,,Disbursement,Transaction,Check,Issue,To,of,Check,User
Date,Date,Number,Number,Carrier,Amount,Account,Type,Number,Date,Name,Check,Status,ID
2025-12-31,2025-12-31,01N1117415,,234,"$6,495.37",108127,Full Surrender,20003303,2025-12-31,ANABEL O RAMIREZ,21,,psc-arivukkm
2025-12-31,2025-12-31,06N1042900,,432,"$3,586.61",108126,Withdrawal,20003313,2025-12-31,HILARIA GRICELDA FELIX RAMIREZ,21,,apolbeck
2025-12-31,2025-12-31,01N1168196,,234,$560.91,108127,Full Surrender,20003312,2025-12-31,TIMOTHY R TROWELL,21,,psc-gsundar1
2025-12-31,2025-12-31,01N1A88889,,234,"$19,767.27",108127,Full Surrender,20003311,2025-12-31,SAUL AMEZQUITA,21,,psc-aghimire
2025-12-31,2025-12-31,06N1049338,,432,"$15,913.50",108126,Full Surrender,20003310,2025-12-31,WADE T YAMAUCHI,21,,psc-aghimire
2025-12-31,2025-12-31,05NT044080,,030,"$1,279.31",108125,Full Surrender,20003309,2025-12-31,PETE KLIMECKY,21,,psc-kjdhanas
2025-12-31,2025-12-31,01N1A23317,,234,"$14,288.03",108127,Full Surrender,20003308,2025-12-31,FRANCIS L GAULL,21,,psc-pkannapp
2025-12-31,2025-12-31,01N1E45894,,234,"$19,012.59",108127,Full Surrender,20003307,2025-12-31,KRISTIN DENISE PEREMANS,21,,psc-abinayan
2025-12-31,2025-12-31,01N1764964,,234,"$2,068.40",108127,Full Surrender,20003306,2025-12-31,CRISTINA M EILERT,21,,psc-abinayan
2025-12-31,2025-12-31,01N1E03398,,234,"$6,922.65",108127,Full Surrender,20003305,2025-12-31,CHRISTIAN P TENORIO,21,,psc-abinayan
2025-12-31,2025-12-31,01N1473664,,234,"$11,415.42",108127,Refund,20003304,2025-12-31,CHASSD  BRONSON,21,,psc-arajendi
2025-12-31,2025-12-31,06N1E39049,,432,"$1,325.00",108126,Withdrawal,20003314,2025-12-31,CARLOS BARRERA BRITO,21,,apolbeck
2025-12-31,2025-12-31,01N1744205,,234,"$7,187.91",108127,Full Surrender,20003302,2025-12-31,ALEKSANDRA MAGDALENA PIAST,21,,psc-pdhamodh
2025-12-31,2025-12-31,05W1E05482,,030,"$1,166.35",108125,Full Surrender,20003301,2025-12-31,DONNA A SPRINGER,21,,psc-pdhamodh
2025-12-30,2025-12-31,06W1069157,,432,$0.63,108126,Anniversary,20003300,2025-12-30,JAYNE YOUNG,22,,
2025-12-30,2025-12-31,06W1065936,,432,$0.63,108126,Anniversary,20003299,2025-12-30,PRINCESS CLAIRE M MADAYAG,22,,
2025-12-30,2025-12-31,05W1013413,,030,$16.43,108125,Anniversary,20003298,2025-12-30,MICHAEL ANTHONY ROGISTER,22,,
2025-12-30,2025-12-31,05W1005080,,030,$3.96,108125,Anniversary,20003297,2025-12-30,KELLY WILSON,22,,
2025-12-30,2025-12-31,05W1023913,,030,$6.18,108125,Anniversary,20003296,2025-12-30,KIMBERLY BENFORD DUNN,22,,
2025-12-30,2025-12-31,05W1023911,,030,$8.85,108125,Anniversary,20003295,2025-12-30,KIMBERLY BENFORD DUNN,22,,
2025-12-30,2025-12-31,06W1067465,,432,$51.60,108126,Anniversary,20003294,2025-12-30,GLORIA HERNANDEZ,22,,
2025-12-30,2025-12-31,05W1023793,,030,$8.85,108125,Anniversary,20003293,2025-12-30,TODD SANFORD,22,,
2025-12-31,2025-12-31,01N1191997,,234,$50.00,108127,Refund,20003326,2025-12-31,ESTATE OF KENNETH R GOOD,21,,psc-nkganesa
2025-12-31,2025-12-31,01N1749057,,234,"$13,681.42",108127,Full Surrender,20003338,2025-12-31,AARON L EDWARDS,21,,psc-aghimire
2025-12-31,2025-12-31,06N1116544,,432,$279.27,108126,Full Surrender,20003337,2025-12-31,KEVIN BLAKE MORRISON,21,,psc-aghimire
2025-12-31,2025-12-31,01N1690230,,234,"$5,795.95",108127,Full Surrender,20003336,2025-12-31,LISA BAYANI,21,,psc-aghimire
2025-12-31,2025-12-31,01N1675192,,234,"$9,275.00",108127,Withdrawal,20003335,2025-12-31,KRISTINE ORNELAS,21,,apolbeck
2025-12-31,2025-12-31,01N1073791,,234,$655.36,108127,Withdrawal,20003334,2025-12-31,DONNA F CLARK,21,,apolbeck
2025-12-31,2025-12-31,01N2E05147,,234,"$2,072.98",108127,Full Surrender,20003333,2025-12-31,LANCE E WELCH,21,,psc-aghimire
2025-12-31,2025-12-31,01N1A54941,,234,"$2,312.13",108127,Withdrawal,20003331,2025-12-31,LISSETTE D SHUMNY,21,,apolbeck
2025-12-31,2025-12-31,01N1769599,,234,"$2,400.00",108127,Loan,20003330,2025-12-31,SHEENA MONIQUE MACKLIN,21,,psc-karasanm
2025-12-31,2025-12-31,01N1468301,,234,"$5,000.00",108127,Withdrawal,20003328,2025-12-31,ANDREA NUNES,21,,apolbeck
2025-12-31,2025-12-31,05NT027741,,030,"$1,681.39",108125,Full Surrender,20003327,2025-12-31,LORETTA C PROVO,21,,psc-aghimire
2025-12-31,2025-12-31,AM00016757,,030,"$25,742.88",108128,Claim Payment,20003342,2025-12-31,HAILEY J THOMAS,21,,psc-kmani1
2025-12-31,2025-12-31,06N1049123,,432,"$2,000.00",108126,Loan,20003325,2025-12-31,ELINA BERROCAL,21,,psc-dsrajama
2025-12-31,2025-12-31,01N1E92014,,234,"$2,881.29",108127,Withdrawal,20003324,2025-12-31,ELMA D MUNOZ,21,,psc-arajendi
2025-12-31,2025-12-31,05W1011623,,030,"$17,000.00",108125,Loan,20003323,2025-12-31,TAN TRAN,21,,psc-arajendi
2025-12-31,2025-12-31,01N1E89981,,234,"$4,271.87",108127,Full Surrender,20003322,2025-12-31,MARIA G ARAUJO MINO,21,,psc-kjdhanas
2025-12-31,2025-12-31,06N1E23901,,432,"$1,679.81",108126,Full Surrender,20003320,2025-12-31,NICHOLAS PASCUAL DE LEON,21,,psc-aghimire
2025-12-31,2025-12-31,06N1088576,,432,"$5,383.28",108126,Full Surrender,20003319,2025-12-31,RAMON BILVAO,21,,psc-aghimire
2025-12-31,2025-12-31,01N1E89572,,234,"$3,500.00",108127,Withdrawal,20003318,2025-12-31,ADAM NUNES,21,,psc-jselvak
2025-12-31,2025-12-31,01N2E14327,,234,"$8,951.43",108127,Full Surrender,20003317,2025-12-31,SCOTT COOK,21,,psc-aghimire
2025-12-31,2025-12-31,01N1720846,,234,"$23,137.75",108127,Full Surrender,20003316,2025-12-31,MICHAEL J HLINOVSKY,21,,psc-abinayan
2025-12-31,2025-12-31,01N1069668,,234,$150.00,108127,Refund,20003315,2025-12-31,TASHARAL  SAFFORE,21,,escott7
2025-12-30,2025-12-30,01N1223750,,234,"$19,624.00",108127,Loan,20003245,2025-12-30,RICHARD L LUCKETT,22,,psc-arajendi
2025-12-30,2025-12-30,01N1148031,,234,"$1,500.00",108127,Loan,20003257,2025-12-31,CASEY JOHNSON,21,,psc-aghimire
2025-12-30,2025-12-30,01N1181907,,234,"$15,474.94",108127,Refund,20003256,2025-12-30,DAVIDS  ARGENTO,22,,psc-gvenkata
2025-12-30,2025-12-30,01N1473785,,234,"$5,101.58",108127,Refund,20003255,2025-12-30,CHERYL BRONSON,22,,psc-gvenkata
2025-12-30,2025-12-30,01N1166705,,234,"$5,085.71",108127,Full Surrender,20003254,2025-12-30,ANTONIO F PEREIRA,22,,psc-gsundar1
2025-12-30,2025-12-30,06N1E02742,,432,"$1,421.76",108126,Full Surrender,20003253,2025-12-30,TANYA E CONNOR,22,,psc-pkannapp
2025-12-30,2025-12-30,06N1052208,,432,"$1,905.95",108126,Withdrawal,20003251,2025-12-30,MARIA RUIZ,22,,psc-gvenkata
2025-12-30,2025-12-30,01N1A07515,,234,"$6,907.73",108127,Full Surrender,20003250,2025-12-30,TIMOTHY HUDSON,22,,psc-gsundar1
2025-12-30,2025-12-30,01N1750009,,234,"$3,200.00",108127,Loan,20003249,2025-12-30,DESTIN CLAVETTE,22,,psc-pvellais
2025-12-30,2025-12-30,01N1181268,,234,"$1,400.00",108127,Loan,20003248,2025-12-30,JENNIFER J MINER,22,,psc-kpjanart
2025-12-30,2025-12-30,05W1041092,,030,$553.99,108125,Full Surrender,20003247,2025-12-30,MEGAN AVERITT,22,,psc-abinayan
2025-12-30,2025-12-30,06N1126907,,432,"$6,278.44",108126,Full Surrender,20003246,2025-12-30,GEORGE E GRAY,22,,psc-kpjanart
2025-12-30,2025-12-30,01N1216199,,234,"$38,856.54",108127,Claim Payment,20003277,2025-12-30,SCHERLEY LEVEILLE,22,,psc-nsukumar
2025-12-30,2025-12-30,01N1E62227,,234,"$5,000.00",108127,Loan,20003244,2025-12-30,EDNA PRIMROSE,22,,psc-pdhamodh
2025-12-30,2025-12-30,06N1E49342,,432,"$32,793.32",108126,Full Surrender,20003243,2025-12-30,BRIAN P BENNETT,22,,psc-gsundar1
2025-12-30,2025-12-30,01N1794224,,234,"$8,500.00",108127,Loan,20003242,2025-12-30,HENRY FUENTES,22,,psc-mkannan1
2025-12-30,2025-12-30,05W1005257,,030,"$22,044.37",108125,Full Surrender,20003241,2025-12-30,HOLLY P JOHNSON-ROSETT,22,,psc-pkannapp
2025-12-30,2025-12-30,05NT047250,,030,"$8,503.14",108125,Refund,20003240,2025-12-30,CYNTHIAM  MINOR,22,,psc-dsrajama
2025-12-30,2025-12-30,06N1009913,,432,"$9,814.46",108126,Full Surrender,20003239,2025-12-30,JOSHUA C CALLOWAY,22,,psc-rrahucha
2025-12-30,2025-12-30,05W1048846,,030,"$7,894.53",108125,Full Surrender,20003238,2025-12-30,DENISE MILLIGAN,22,,psc-rrahucha
2025-12-30,2025-12-30,01N1082113,,234,"$1,951.11",108127,Full Surrender,20003237,2025-12-30,LORI J KOZELSKY,22,,psc-pkannapp
2025-12-30,2025-12-30,01N1795662,,234,$342.09,108127,Full Surrender,20003236,2025-12-30,MYRNA T CARDENAS,22,,psc-kjdhanas
2025-12-30,2025-12-30,01N1065419,,234,"$3,868.58",108127,Loan,20003235,2025-12-30,MARIE S MYRTIL,22,,psc-pvellais
2025-12-30,2025-12-30,01N1303541,,234,"$2,400.00",108127,Loan,20003260,2025-12-30,MARK W MCCANN,22,,psc-aghimire
2025-12-30,2025-12-30,01N1216199,,234,"$193,911.46",108127,Claim Payment,20003276,2025-12-30,LYDIA  LEXIMA,22,,psc-nsukumar
2025-12-30,2025-12-30,01N1216199,,234,"$49,946.89",108127,Claim Payment,20003278,2025-12-30,EDWIN ADAM,22,,psc-nsukumar
2025-12-30,2025-12-30,01N1216199,,234,"$11,090.35",108127,Claim Payment,20003279,2025-12-30,EXPRESS FUNERAL FUNDING LLC ,22,,psc-nsukumar
2025-12-30,2025-12-30,05W1025421,,030,"$183,065.48",108125,Full Surrender,20003280,2025-12-30,PACIFIC LIFE,22,,bmyers1
2025-12-30,2025-12-30,06N1085620,,432,$783.08,108126,Full Surrender,20003281,2025-12-30,GEORGE E GRAY,22,,psc-aghimire
2025-12-30,2025-12-30,05W1009767,,030,"$8,077.93",108125,Full Surrender,20003282,2025-12-30,NEW YORK LIFE ,22,,bmyers1
2025-12-30,2025-12-30,06N1083386,,432,"$11,697.72",108126,Full Surrender,20003283,2025-12-30,TRANSAMERICA LIFE INSURANCE CO,22,,bmyers1
2025-12-30,2025-12-30,01N1139528,,234,"$100,561.62",108127,Claim Payment,20003284,2025-12-30,JUAN TREVINO SUPPLEMENTAL NEEDS TRUST DATED 11272018,22,,psc-pjayaram
2025-12-30,2025-12-30,05NT042923,,030,"$5,356.29",108125,Full Surrender,20003285,2025-12-30,DAVID L TERRY,22,,psc-aghimire
2025-12-30,2025-12-30,01N1E60214,,234,"$1,235.74",108127,Refund,20003286,2025-12-30,PAULACAROL  OBENAUER,22,,escott7
2025-12-30,2025-12-30,05NT052870,,030,"$8,556.00",108125,Claim Payment,20003275,2025-12-30,HAWTHORN FUNERAL HOME,22,,psc-kmani1
2025-12-30,2025-12-30,01N1720655,,234,"$1,445.16",108127,Withdrawal,20003272,2025-12-30,MARCO LEON,22,,apolbeck
2025-12-30,2025-12-30,01N1397942,,234,$825.64,108127,Refund,20003261,2025-12-30,KIMBERLYS  COTTON,22,,psc-arajendi
2025-12-30,2025-12-30,01N1079751,,234,$849.02,108127,Withdrawal,20003262,2025-12-30,RUFINA PERDOMO,22,,apolbeck
2025-12-30,2025-12-30,01N1342536,,234,$374.53,108127,Refund,20003264,2025-12-30,ESTATE OF CHRISTOPHER F MCTAMNEY,22,,psc-nkganesa
2025-12-30,2025-12-30,01N1526987,,234,$110.25,108127,Refund,20003266,2025-12-30,ESTATE OF HOLLIS EVANS,22,,psc-nkganesa
2025-12-30,2025-12-30,01N1E52601,,234,"$6,494.03",108127,Withdrawal,20003267,2025-12-30,MICHELENE ALCIN,22,,apolbeck
2025-12-30,2025-12-30,06N1E57746,,432,$117.75,108126,Refund,20003268,2025-12-30,MICHAEL WIGGINS,22,,psc-karasanm
2025-12-30,2025-12-30,06N1E08854,,432,"$4,346.44",108126,Loan,20003270,2025-12-30,MARVA TAYLOR,22,,psc-manjulab
2025-12-30,2025-12-30,01N1E26698,,234,$766.00,108127,Withdrawal,20003271,2025-12-30,DERWIN LANIER,22,,apolbeck
2025-12-30,2025-12-30,06N1E55170,,432,"$3,243.32",108126,Full Surrender,20003274,2025-12-30,JOEY STEIN,22,,psc-ggopalak
2025-12-29,2025-12-29,01N1203890,,234,$110.00,108127,Refund,20003197,2025-12-30,LATRICIAD  COOPER,22,,psc-karasanm
2025-12-29,2025-12-29,01N1654485,,234,"$2,000.00",,Loan,20003182,2025-12-30,SAMUEL GOODWIN OKEORJI,22,,napa
2025-12-22,2025-12-22,01N1A00047,,234,"$27,881.56",108127,Full Surrender,20002992,2025-12-30,DEBORAH F LORBER,22,,napa
2025-12-11,2025-12-11,05NT042138,,030,$86.91,108125,Full Surrender,20002586,2025-12-30,JOHN T LESLIE,22,,napa
2025-12-10,2025-12-10,01N1649681,,234,$672.05,108127,Full Surrender,20002547,2025-12-30,ANTHONY J BAUMANN,22,,napa
2025-12-09,2025-12-09,01N1345919,,234,"$11,930.64",108127,Full Surrender,20002485,2025-12-30,TOUFIC ABIHABIB,22,,napa
2025-12-08,2025-12-08,05NT041085,,030,"$1,690.20",108125,Full Surrender,20002400,2025-12-30,JAMES W CLARKSON,22,,psc-gvenkata
2025-12-30,2025-12-03,01N1218672,,234,"$42,005.38",108127,Full Surrender,20003259,2025-12-30,JOSEPH M CHERUBINI,22,,psc-arajendi
2025-11-24,2025-11-24,01N1526126,,234,$245.95,108127,Full Surrender,20001996,2025-12-30,MARIA DEL CARMEN JURADO,22,,napa
2025-11-24,2025-11-24,06N1048047,,432,"$2,211.88",108126,Full Surrender,20001982,2025-12-30,VIRGINIA DANIEL,22,,napa
2025-11-07,2025-11-07,01N1203890,,234,$65.00,108127,Refund,20001742,2025-12-30,LATRICIAD  COOPER,22,,psc-pvellais
