Accounting General Ledger
Transaction,,,,,,,,,,,,,,,,,,
Creation,Transaction,Accounting,,,,,GL,,,,,,,,,,,
Cycle,Effective,Cycle,Accounting,Fund,Main,Sub,Account,,Payee,Batch,Transaction,,,Check,User,Downstream,,
Date,Date,Date,Company,Code,Account,Account,Number,Description,Name,Number,Type,Credit/Debit,Amount,Number,ID,Status,Offset
2025-12-29,2025-12-28,2025-12-29,030,,COI Amount Out Of Fund,,020800,COI Amount Out Of Fund,,,Monthaversary,Debit,$24.21,,,Delivered,false
2025-12-29,2025-12-28,2025-12-29,030,,Policy Fee,,032301,COI-ADMINISTRATIVE-POL FEE,,,Monthaversary,Credit,$22.00,,,Delivered,false
2025-12-29,2025-12-28,2025-12-29,030,,Cost of Insurance,,032300,COI,,,Monthaversary,Credit,$2.21,,,Delivered,false
2025-12-13,2025-12-15,2025-12-13,030,,Cash,BankDraft,108105,Bank Draft Cash - ELIC,,,Bank Draft,Debit,$36.96,,,Delivered,false
2025-12-13,2025-12-15,2025-12-13,030,,Suspense,Policy,220010,POLICY SUSPENSE,,,Bank Draft,Credit,$36.96,,,Delivered,false
2025-12-13,2025-12-15,2025-12-13,030,,Front End Load-Contra,,032100,Front End Load-Contra,,,Premium,Credit,$2.59,,,Delivered,false
2025-12-13,2025-12-15,2025-12-13,030,,Front End Load,,032000,Front End Load,,,Premium,Debit,$2.59,,,Delivered,false
2025-12-13,2025-12-15,2025-12-13,030,,Suspense,Policy,220010,POLICY SUSPENSE,,,Premium,Debit,$36.96,,,Delivered,false
2025-12-13,2025-12-15,2025-12-13,030,,Life Premium - Additional,Premium Renewal,400053,Flex Life Premium - Additional,,,Premium,Credit,$36.96,,,Delivered,false
2025-11-28,2025-11-28,2025-11-28,030,,Cost of Insurance,,032300,COI,,,Monthaversary,Credit,$2.21,,,Delivered,false
2025-11-28,2025-11-28,2025-11-28,030,,Policy Fee,,032301,COI-ADMINISTRATIVE-POL FEE,,,Monthaversary,Credit,$22.00,,,Delivered,false
2025-11-28,2025-11-28,2025-11-28,030,,COI Amount Out Of Fund,,020800,COI Amount Out Of Fund,,,Monthaversary,Debit,$24.21,,,Delivered,false
2025-11-15,2025-11-15,2025-11-15,030,,Cash,BankDraft,108105,Bank Draft Cash - ELIC,,,Bank Draft,Debit,$36.96,,,Delivered,false
2025-11-15,2025-11-15,2025-11-15,030,,Suspense,Policy,220010,POLICY SUSPENSE,,,Bank Draft,Credit,$36.96,,,Delivered,false
2025-11-15,2025-11-15,2025-11-15,030,,Life Premium - Additional,Premium Renewal,400053,Flex Life Premium - Additional,,,Premium,Credit,$36.96,,,Delivered,false
2025-11-15,2025-11-15,2025-11-15,030,,Suspense,Policy,220010,POLICY SUSPENSE,,,Premium,Debit,$36.96,,,Delivered,false
2025-11-15,2025-11-15,2025-11-15,030,,Front End Load,,032000,Front End Load,,,Premium,Debit,$2.59,,,Delivered,false
2025-11-15,2025-11-15,2025-11-15,030,,Front End Load-Contra,,032100,Front End Load-Contra,,,Premium,Credit,$2.59,,,Delivered,false
