,,,,,Bank,,,,,,
,,,,,Account,Name,,,,,
Received,Underwriting,Return,Draft,Policy,Number,on,,,Effective,,
Date,Company,Code,Day,Number,DDA,Account,Credit/Debit,Amount,Date,Status
2025-12-05,234,R02,1,01N1A06036,439001975585,RIANNE J VENTURA,Debit,$48.00,2025-12-01,Success
2025-12-05,234,R02,30,01N1A06837,4827004897,CARMEN G RAMIREZ,Debit,$163.67,2025-12-01,Success
2025-12-05,234,R01,2,01N1A37574,7077543390,ANTHONY R KINGSOLVER,Debit,$150.00,2025-12-01,Success
2025-12-05,234,R01,3,01N1A71375,002119808133,KOREN J KARLOVIC,Debit,$76.00,2025-12-02,Success
2025-12-05,234,R01,1,01N1A74609,4309848343,ELIZABETH F LANTIGUA,Debit,$187.54,2025-12-01,Success
2025-12-05,234,R10,2,01N1A94949,1587482348,MASOUD FARHADI,Debit,$350.00,2025-12-01,Success
2025-12-05,234,R02,3,01N1A97775,71017974,RUBIE J PIAZZA,Debit,$364.09,2025-12-02,Success
2025-12-05,234,R03,31,01N1E09243,1064203,LINDA A KIEL,Debit,$84.00,2025-12-01,Success
2025-12-05,234,R01,1,01N1E33583,994611788,NORMAN L HARLAN,Debit,$65.00,2025-12-01,Success
2025-12-05,234,R29,3,01N1E66089,2000050791684,EMERITA G R WANNEMACHE,Debit,$150.00,2025-12-02,Success
2025-12-05,234,R01,3,01N1E81958,898100218784,ROSLYN EBONI LAFORTUNE,Debit,$100.00,2025-12-02,Success
2025-12-05,234,R16,3,01N1073355,0000413710,DEBRA L WAIS,Debit,$26.00,2025-12-02,Success
2025-12-05,234,R01,18,01N1086361,101008142,PETER LEWIS,Debit,$50.00,2025-11-05,Success
2025-12-05,234,R01,1,01N1106427,72933686,DAVID K MUKASA,Debit,$220.00,2025-12-01,Success
2025-12-05,234,R01,1,01N1127929,6009560458,AMBER LEE VILLAR,Debit,$35.92,2025-12-01,Success
2025-12-05,234,R01,30,01N1138170,881732459,ALICE D WRIGHT,Debit,$30.00,2025-12-01,Success
2025-12-05,234,R10,9,01N1140402,4904631883,LARRY M POSEY,Debit,$456.54,2025-11-10,Success
2025-12-05,234,R01,1,01N1153862,0435475710,MICHAEL D MARTIN,Debit,$340.00,2025-12-01,Success
2025-12-05,234,R01,30,01N1162609,578062310,ROSEMARY COBB,Debit,$104.00,2025-12-01,Success
2025-12-05,234,R01,30,01N1164299,576808680,YOLANDA COLE,Debit,$271.45,2025-12-01,Success
2025-12-05,234,R01,3,01N1165786,0760895318,GLEN F MCGREGOR,Debit,$35.08,2025-12-02,Success
2025-12-05,234,R02,3,01N1167852,5118758309,EUGENE PETERSON,Debit,$150.00,2025-12-02,Success
2025-12-05,234,R01,30,01N1175394,8604939365,PEDRO J RODRIGUEZ,Debit,$61.06,2025-12-01,Success
2025-12-05,234,R03,30,01N1183043,618097,WESLEY E RAMSEY,Debit,$36.75,2025-12-01,Success
2025-12-05,234,R10,28,01N1190962,7000170063,MICHELLE ANGELA ALPAY,Debit,$25.00,2025-12-04,Success
2025-12-05,234,R01,17,01N1192189,3655239907,HAI SON HO,Debit,$50.00,,Success
2025-12-05,234,R02,3,01N1194864,1531995,MICHAEL D GREENE,Debit,$29.58,2025-12-02,Success
2025-12-05,234,R01,30,01N1204969,1731608720,DARVIN W TRAYLOR,Debit,$195.00,2025-12-01,Success
2025-12-05,234,R08,3,01N1269787,1372149073065,ROBERT E LANGFORD,Debit,$92.07,2025-12-02,Success
2025-12-05,234,R02,30,01N1321265,3454089750,FRANK T ABRAMS,Debit,$175.20,2025-12-01,Success
2025-12-05,234,R10,31,01N1372410,478358372,SAJI T MALITHURUTHEL,Debit,$235.91,2025-12-01,Success
2025-12-05,234,R10,30,01N1372411,478358372,SOLY MALITHURUTHEL,Debit,$158.55,2025-12-01,Success
2025-12-05,234,R08,1,01N1387976,000141023945,WILLIAM F MOREE,Debit,$250.00,2025-12-01,Success
2025-12-05,234,R10,25,01N1393584,446019697194,EVELYN R OBIDI,Debit,$100.00,2025-11-24,Success
2025-12-05,234,R03,1,01N1405939,29003905759,KATHLEEN T PICARD-NANC,Debit,$280.00,2025-12-01,Success
2025-12-05,234,R03,1,01N1405990,29003905759,KATHLEEN T PICARD-NANC,Debit,$42.00,2025-12-01,Success
2025-12-05,234,R08,3,01N1515675,762820782,CHANG MIN HAN,Debit,$100.00,2025-12-02,Success
2025-12-05,234,R01,30,01N1530323,4941317593,DORIS A SANCHEZ,Debit,$245.49,2025-12-01,Success
2025-12-05,234,R02,1,01N1532264,3121333772,BICH LY T NGUYEN,Debit,$110.00,2025-12-01,Success
2025-12-05,234,R02,1,01N1532508,3121333772,DUNG Q VU,Debit,$90.00,2025-12-01,Success
2025-12-05,234,R01,30,01N1541074,42040671671,AMY GATES,Debit,$65.00,2025-12-01,Success
2025-12-05,234,R10,29,01N1546114,8072535332,LARY B ROGERS,Debit,$270.00,2025-11-28,Success
2025-12-05,234,R02,1,01N1546548,3454089750,MARION J ABRAMS,Debit,$100.00,2025-12-01,Success
2025-12-05,234,R08,1,01N1550437,005302189286,HERMAN REYNAUD,Debit,$30.00,2025-12-01,Success
2025-12-05,234,R08,3,01N1558406,2546914348,MIYOUNG NAM,Debit,$300.11,2025-12-02,Success
2025-12-05,234,R01,2,01N1572897,8044317962,BRENDA L CENTENO,Debit,$84.97,2025-12-01,Success
2025-12-05,234,R02,1,01N1597123,9344567437,GUIDOBERTO CASTILLA,Debit,$225.00,2025-12-01,Success
2025-12-05,234,R01,1,01N1610659,002458113011,KRYSTLE J HERNANDEZ,Debit,$100.00,2025-12-01,Success
2025-12-05,234,R01,1,01N1610659,002458113011,KRYSTLE J HERNANDEZ,Debit,$50.00,2025-12-05,Success
2025-12-05,234,R01,1,01N1612243,002458113011,KRYSTLE JAMIE O BARCEN,Debit,$50.00,2025-12-01,Success
2025-12-05,234,R10,15,01N1638364,0000258048733,NAM QUOC BUI,Debit,$187.51,2025-11-15,Success
2025-12-05,234,R01,3,01N1638938,08635911023,BRYNN E POPLIN,Debit,$40.21,2025-12-02,Success
2025-12-05,234,R01,30,01N1641942,403462612,TRACY L RIVERS,Debit,$121.25,2025-12-01,Success
2025-12-05,234,R04,1,01N1655522,701160059625,ELLEN WARREN,Debit,$124.18,2025-12-01,Success
2025-12-05,234,R20,2,01N1687029,1342177,DONALD MARKURE,Debit,$334.13,2025-12-01,Success
2025-12-05,234,R01,30,01N1698299,325020595856,SOCORRO BLAKE,Debit,$25.00,2025-12-01,Success
2025-12-05,234,R01,3,01N1751126,00740078191,SONIA MARIE DERILUS,Debit,$100.00,2025-12-02,Success
2025-12-05,234,R10,3,01N1758343,1963273833,DIANA VERA-DUARTE,Debit,$164.14,2025-12-02,Success
2025-12-05,234,R02,30,01N1759135,39915252695,YULISSA A RODRIGUEZ,Debit,$94.15,2025-12-01,Success
2025-12-05,234,R01,2,01N1763074,291026924092,MALIK SWANSON,Debit,$45.16,2025-12-01,Success
2025-12-05,234,R01,3,01N1776078,9010661941,ROBERT D LUCKETT,Debit,$312.39,2025-12-02,Success
2025-12-05,234,R03,1,01N1779459,24472607,MAYRA FAJARDO,Debit,$45.67,2025-12-01,Success
2025-12-05,234,R03,1,01N1779698,24472607,ELI R FAJARDO,Debit,$72.92,2025-12-01,Success
2025-12-05,234,R10,1,01N1791815,4410720018,ROBERT B STEELE,Debit,$200.00,2025-12-01,Success
2025-12-05,234,R01,1,01N1792894,4951593726,DANIEL G QUINONES,Debit,$105.92,2025-12-01,Success
2025-12-05,234,R01,3,01N2E03427,260277373,BRANDY K BEL,Debit,$26.00,2025-12-02,Success
2025-12-05,234,R01,30,01N2E12889,501006750170,COLLYN B WILLIAMS,Debit,$46.00,2025-12-01,Success
2025-12-05,234,R09,30,01N2E15278,6001165857,GLEN KELSEY,Debit,$200.00,2025-12-01,Success
2025-12-05,234,C01,3,01N1264644,90057480007,JUANITA P DUNN,Debit,$0.00,2025-12-02,Success
2025-12-05,234,C01,31,01N1379643,3394651,GREGORY A OGDEN,Debit,$0.00,2025-12-01,Success
2025-12-05,234,C01,2,01N1671494,50113214,DEBORAH A CHERRY,Debit,$0.00,2025-12-01,Success
2025-12-05,030,R01,30,05NTE18647,446035193258,HONEY D MORALES,Debit,$240.00,2025-12-01,Success
2025-12-05,030,R01,3,05NTE21770,3953787361,MICHAEL NUNEZ,Debit,$105.00,2025-12-02,Success
2025-12-05,030,R01,2,05NT035946,223017333220,ALINETT S DAYS,Debit,$37.24,2025-12-01,Success
2025-12-05,030,R16,1,05NT042451,8560850615,LANCE BROWN,Debit,$53.09,2025-12-01,Success
2025-12-05,030,R01,31,05NT042629,325106823400,EDDIE G JEFFERSON,Debit,$67.50,2025-12-01,Success
2025-12-05,030,R01,1,05NT044270,0000242633202,KIRAN PATEL,Debit,$708.06,2025-12-01,Success
2025-12-05,030,R01,30,05NT044293,4268154451,JOHN BYTAUTAS,Debit,$385.00,2025-12-01,Success
2025-12-05,030,R01,1,05NT051937,7123718673,SONYA L COLLINS,Debit,$200.00,2025-12-01,Success
2025-12-05,030,R01,2,05NT052327,303810599,ABILENE ELICA GOMES RI,Debit,$55.00,2025-12-01,Success
2025-12-05,030,R07,29,05NT052940,4317709925,IRYNA BEZBAKH,Debit,$50.00,2025-11-28,Success
2025-12-05,030,R08,1,05NT053503,488124520486,AVRY WILLIAMS,Debit,$83.37,2025-12-01,Success
2025-12-05,030,R01,30,05NT053908,583967950,ERIKA RUBALCAVA,Debit,$215.08,2025-12-01,Success
2025-12-05,030,R01,30,05W1E01705,4811625439,VERNA C PRICE,Debit,$123.29,2025-12-01,Success
2025-12-05,030,R01,1,05W1E09871,558680263,BRIANNA BARTUCCI,Debit,$66.41,2025-12-01,Success
2025-12-05,030,R01,2,05W1008591,08606564317,KRISTIE B CASH,Debit,$29.03,2025-12-01,Success
2025-12-05,030,R01,31,05W1010969,204619746,KENNETH JOE WALKER,Debit,$188.43,2025-12-01,Success
2025-12-05,030,R02,2,05W1022125,102795192,EVELYN F DRY,Debit,$26.93,2025-12-01,Success
2025-12-05,030,R02,2,05W1022126,102795192,EVELYN F DRY,Debit,$28.72,2025-12-01,Success
2025-12-05,030,R02,2,05W1022127,102795192,EVELYN F DRY,Debit,$25.92,2025-12-01,Success
2025-12-05,030,R01,1,05W1040207,7014754951,LEONARD BROOKS,Debit,$30.28,2025-12-01,Success
2025-12-05,030,R01,1,05W1040213,7014754951,LEONARD BROOKS,Debit,$37.28,2025-12-01,Success
2025-12-05,030,R01,3,05W1049501,1000208134436,CORHONDA L SAMUELS,Debit,$21.04,2025-12-02,Success
2025-12-05,030,R01,1,05W1052060,0176955338,KATIE WILLIAMSON,Debit,$19.05,2025-12-01,Success
2025-12-05,432,R01,3,06N1E23985,440016002725,NIRODHA ADHIKARI,Debit,$74.04,2025-12-02,Success
2025-12-05,432,R01,2,06N1E25059,1885714467,DEBORAH L REYNOLDS,Debit,$254.86,2025-12-01,Success
2025-12-05,432,R01,31,06N1E31987,501007370520,SARAH DANIELLE GRUNER,Debit,$105.66,2025-12-01,Success
2025-12-05,432,R01,30,06N1E32408,3830490433,IRIS FARINAS,Debit,$100.00,2025-12-01,Success
2025-12-05,432,R09,1,06N1E40232,1110021487167,JASON HIRSH,Debit,$42.47,2025-12-01,Success
2025-12-05,432,R16,30,06N1E40567,023031258,CHRISTINE CONWELL,Debit,$250.00,2025-12-01,Success
2025-12-05,432,R01,1,06N1E43629,165715070,KENDRA L DRAIN,Debit,$142.58,2025-12-01,Success
2025-12-05,432,R01,3,06N1E44222,196525205,EDGAR ANDRADE,Debit,$97.17,2025-12-02,Success
2025-12-05,432,R01,3,06N1E46330,1010249675696,JOSE R ROJAS,Debit,$81.00,2025-12-02,Success
2025-12-05,432,R01,31,06N1E46576,3830422337,MILAGROS PEREZ,Debit,$94.00,2025-12-01,Success
2025-12-05,432,R01,3,06N1E47939,237264916,HECTOR PAZ,Debit,$52.75,2025-12-02,Success
2025-12-05,432,R01,1,06N1E53215,637119181,NICOLE PASALAGUA,Debit,$68.00,2025-12-01,Success
2025-12-05,432,R01,1,06N1005261,002016696792,OFELIA G NUBLA,Debit,$165.00,2025-12-01,Success
2025-12-05,432,R01,1,06N1016205,6046033,MARIA T RITA CESAR,Debit,$75.00,2025-12-01,Success
2025-12-05,432,R01,30,06N1027062,898059022115,MARVIA J PEREZ-TOSCA O,Debit,$48.83,2025-12-01,Success
2025-12-05,432,R08,31,06N1028647,972713234,MARIA OSEGUERA,Debit,$50.00,2025-12-01,Success
2025-12-05,432,R08,31,06N1028648,972713234,MARIA OSEGUERA,Debit,$65.00,2025-12-01,Success
2025-12-05,432,R01,1,06N1036111,586030885269,LANHSIN HUANG,Debit,$208.03,2025-12-01,Success
2025-12-05,432,R01,30,06N1041626,381020391269,KUANTARE ATMADJA,Debit,$83.00,2025-12-01,Success
2025-12-05,432,R01,1,06N1059473,3011019211,MICHAEL F DILIBERTO,Debit,$100.00,2025-12-01,Success
2025-12-05,432,R01,30,06N1063710,7050547764,GONZALO MELENDEZ,Debit,$167.67,2025-12-01,Success
2025-12-05,432,R03,1,06N1064313,10001149391006,JONATHON MARVICSIN,Debit,$69.02,2025-12-01,Success
2025-12-05,432,R01,1,06N1081627,20135646,LE GIA THAI,Debit,$168.68,2025-12-01,Success
2025-12-05,432,R01,3,06N1091320,0075260538,LUIS BELTRAN,Debit,$90.40,2025-12-02,Success
2025-12-05,432,R01,30,06N1097521,5359330228,DWAINE M GHEE,Debit,$170.00,2025-12-01,Success
2025-12-05,432,R01,2,06N1100840,5770137042,FIDEL DIAZ,Debit,"$3,792.67",2025-12-01,Success
2025-12-05,432,R10,1,06N1100945,282807616,DERRICK RICHARDSON,Debit,$101.53,2025-12-01,Success
2025-12-05,432,R09,3,06N1103033,3616526528,BENJAMIN SMITH,Debit,$81.98,2025-12-02,Success
2025-12-05,432,R01,30,06N1106599,0075260538,LUIS BELTRAN FELIX,Debit,$165.97,2025-12-01,Success
2025-12-05,432,R01,31,06N1117844,586035096794,CALI RUBERT ROCHE,Debit,$126.19,2025-12-01,Success
2025-12-05,432,R01,3,06N1121688,103673452423,ALEXANDRIA L GRADO,Debit,$370.00,2025-12-02,Success
2025-12-05,432,R01,1,06N1125551,7195134916,LETROY J SINCLAIR,Debit,$185.87,2025-12-01,Success
2025-12-05,432,R01,3,06N1126518,898058943677,NUTON WILLIAMS,Debit,$150.00,2025-12-02,Success
2025-12-05,432,R16,3,06W1056777,5117663301,HOMER R HIESTER,Debit,$260.84,2025-12-02,Success
2025-12-05,432,R01,1,06W1080039,672112807,VICTOR HERRERA,Debit,$52.15,2025-12-01,Success
2025-12-04,234,R01,3,01N1A03831,11010006991315,RODERICK V BRITTON,Debit,$63.50,2025-12-02,Success
2025-12-04,234,R03,3,01N1A71783,594002145,LINDA G MONTGOMERY,Debit,$40.00,2025-12-02,Success
2025-12-04,234,R01,30,01N1E28224,4879031281551,JUANA ANTONIA VERDUZCO,Debit,$40.00,2025-12-01,Success
2025-12-04,234,R08,2,01N1078485,0512842,BECKY M LAFITTE,Debit,$86.00,2025-12-01,Success
2025-12-04,234,R08,1,01N1096516,10700759325328,JULIO ESCALANTE,Debit,$37.50,2025-12-01,Success
2025-12-04,234,R02,3,01N1159838,152038,STEVEN J FRENCH,Debit,$125.00,2025-12-02,Success
2025-12-04,234,R10,28,01N1190962,7000170063,MICHELLE ANGELA ALPAY,Debit,$25.00,2025-11-28,Success
2025-12-04,234,R08,1,01N1357509,0001362179,JOHN F PALMIERI,Debit,$286.00,2025-12-01,Success
2025-12-04,234,R08,1,01N1357509,0001362179,JOHN F PALMIERI,Debit,$164.00,2025-12-04,Success
2025-12-04,234,R01,1,01N1528701,1800900374800,JONATHAN A ESCOBAR,Debit,$85.00,2025-12-01,Success
2025-12-04,234,R02,1,01N1603921,000808669,EDMOND N MOORE,Debit,$97.03,2025-12-01,Success
2025-12-04,234,R10,23,01N1630404,189820717,ENRIQUE AGUILAR,Debit,$150.00,2025-11-24,Success
2025-12-04,234,R01,1,01N1688917,415607870,RUBY RODRIGUEZ,Debit,$155.00,2025-12-01,Success
2025-12-04,234,R01,1,01N1731256,1800900374800,ARGELIA ESCOBAR,Debit,$100.00,2025-12-01,Success
2025-12-04,234,R10,20,01N2E12089,401534032,DARLEEN R GILLESPIE,Debit,$100.00,2025-11-19,Success
2025-12-04,234,C02,3,01N1A05140,0101024081,KARI IVERSON LEE,Debit,$0.00,2025-12-02,Success
2025-12-04,234,C01,30,01N1A97967,236003059606,ALAN L ALSTON,Debit,$0.00,2025-12-01,Success
2025-12-04,234,C03,31,01N1639243,2324228,CAROL D COSTON,Debit,$0.00,2025-12-01,Success
2025-12-04,234,C03,2,01N1776773,10273740080802,DEBRA M STANLEY,Debit,$0.00,2025-12-01,Success
2025-12-04,030,R01,3,05NTE20209,1470002681223,CHERYL M TILLMAN,Debit,$29.00,2025-12-02,Success
2025-12-04,030,R02,30,05NT028106,50780166,PATRICK ESPOSITO,Debit,$60.67,2025-12-01,Success
2025-12-04,030,R01,1,05NT030704,313882,MARLENE MUNIZ,Debit,$92.64,2025-12-01,Success
2025-12-04,030,R01,31,05NT033980,88709126088002,MELVIN P DORIA,Debit,$132.43,2025-12-01,Success
2025-12-04,030,R01,31,05NT047337,88980021678040,MILTON MARTINEZ,Debit,$85.00,2025-12-01,Success
2025-12-04,030,R01,2,05NT047964,1010000584784,CARLAS BOTTIGLIERI,Debit,$207.66,2025-12-01,Success
2025-12-04,030,R01,31,05NT048430,64631023,DANICO L STANDIFER,Debit,$100.00,2025-12-01,Success
2025-12-04,030,R01,30,05NT052483,0222165473,TANZANIA S PHILLIPS,Debit,$45.00,2025-12-01,Success
2025-12-04,030,R01,31,05NT054519,38722799,YOLANDA R GRACE,Debit,$227.24,2025-12-01,Success
2025-12-04,030,R01,30,05W1001056,7219255,MABELLE WESTLING,Debit,$30.28,2025-12-01,Success
2025-12-04,432,R10,30,06N1E08011,036283499648,RONALD I TROTTER,Debit,$85.00,2025-12-01,Success
2025-12-04,432,R01,1,06N1E20580,3582887516,KEVIN LYNCH,Debit,$187.21,2025-12-01,Success
2025-12-04,432,R01,1,06N1E35480,1800900374800,ARGELIA ESCOBAR,Debit,$70.33,2025-12-01,Success
2025-12-04,432,R01,2,06N1E43673,223101416319,DASNYL T MILLER,Debit,$32.00,2025-12-01,Success
2025-12-04,432,R02,3,06N1E50498,36907,VANESSA TRAYLOR,Debit,$125.00,2025-12-02,Success
2025-12-04,432,R02,3,06N1E50499,36907,LARRY TRAYLOR,Debit,$58.64,2025-12-02,Success
2025-12-04,432,R01,31,06N1082562,6959090,KYNDAL J CHATAGNIER,Debit,$37.86,2025-12-01,Success
2025-12-04,432,R01,30,06N1088120,0222165473,TANZANIA PHILLIPS,Debit,$32.00,2025-12-01,Success
2025-12-04,432,R01,1,06N1101982,51004852734,RODNEY TREMAYNE LUNSFO,Debit,$104.52,2025-12-01,Success
2025-12-04,432,R01,3,06N1110576,3619485861,HAT T NGUYEN,Debit,$173.25,2025-12-02,Success
2025-12-03,234,R01,28,01N1A51671,004771370675,LATRICE HAYES,Debit,$284.29,2025-11-28,Success
2025-12-03,234,R08,29,01N1E08131,91145169,ALAN D LITTLE,Debit,$137.00,2025-11-28,Success
2025-12-03,234,R08,29,01N1E08133,91145169,BETTY A LITTLE,Debit,$112.00,2025-11-28,Success
2025-12-03,234,R01,28,01N1E53997,1010111611131,RENALD R ATKINSON,Debit,$135.63,2025-11-28,Success
2025-12-03,234,R10,15,01N1E68025,34649417,MARVIN AMATO,Debit,$115.38,2025-11-15,Success
2025-12-03,234,R10,18,01N1E83726,9510211916,MASSIMO ARCERITO,Debit,$568.50,2025-11-15,Success
2025-12-03,234,R08,28,01N1081534,120415882576,GERALD J JACKMOND,Debit,$314.25,2025-11-28,Success
2025-12-03,234,R02,28,01N1125430,876197005,JACQUELINE THOMAS,Debit,$35.46,2025-11-28,Success
2025-12-03,234,R02,28,01N1405350,0005109435505,GARRY K SCHENCK,Debit,$161.67,2025-11-28,Success
2025-12-03,234,R10,28,01N1409915,8230170909,JANICE M HOUSTON,Debit,$50.00,2025-11-28,Success
2025-12-03,234,R01,28,01N1421476,8095362104,ABEL G GARCIA,Debit,$170.64,2025-11-28,Success
2025-12-03,234,R29,28,01N1438993,169702004592,TYLER C OLSON,Debit,$500.00,2025-11-28,Success
2025-12-03,234,R01,29,01N1461646,2441631510,JOSE L MUNOZ,Debit,$225.00,2025-11-28,Success
2025-12-03,234,R01,29,01N1481414,334024425340,VICKI L BERRONG,Debit,$145.50,2025-11-28,Success
2025-12-03,234,R08,29,01N1492386,325027933893,ROBERT A CASTRO,Debit,$50.00,2025-11-28,Success
2025-12-03,234,R08,29,01N1497697,711518928,MANDEEP S SANDHU,Debit,$431.67,2025-11-28,Success
2025-12-03,234,R03,0,01N1511649,1155204429,KATHERINE Q CADACIO,Debit,$248.75,2025-11-25,Success
2025-12-03,234,R10,17,01N1532998,0188022686,TARA M KENNEDY,Debit,$50.00,2025-11-15,Success
2025-12-03,234,R01,29,01N1547215,9269246634,TOU HERR,Debit,$35.00,2025-11-28,Success
2025-12-03,234,R10,20,01N1549679,0904310316,THANH VAN VO,Debit,$100.00,2025-11-19,Success
2025-12-03,234,R10,19,01N1563239,174253109,WILLIAM F ROGERS,Debit,$23.58,2025-11-18,Success
2025-12-03,234,R16,28,01N1564270,31901770,NORMA L SALDANA,Debit,$125.28,2025-11-28,Success
2025-12-03,234,R01,28,01N1631450,8016561128,JACKIE EILAND,Debit,$73.61,2025-11-28,Success
2025-12-03,234,R01,29,01N1666774,4276347840,AMY RUVOLO,Debit,$49.10,2025-11-28,Success
2025-12-03,234,R10,22,01N1737404,0025629486,LENI ESTRELLA,Debit,$25.00,2025-11-21,Success
2025-12-03,234,R10,26,01N1737481,0025629486,TIMOTHY R ESTRELLA,Debit,$115.00,2025-11-25,Success
2025-12-03,234,R01,28,01N1744042,888222721,LUIS G GUERRERO,Debit,$331.00,2025-11-28,Success
2025-12-03,234,R02,28,01N1752815,1110026726763,RICHARD BARR VENSON,Debit,$382.50,2025-11-28,Success
2025-12-03,234,R02,28,01N1789855,5012637376,ARTURO ACOSTA,Debit,$35.00,2025-11-28,Success
2025-12-03,234,R01,28,01N1792818,4315724446,JOSUE HERNANDEZ,Debit,$100.00,2025-11-28,Success
2025-12-03,234,R29,28,01N2E11441,856623652,COUGAR PAPER CORP,Debit,$250.00,2025-11-28,Success
2025-12-03,234,R29,28,01N2E11443,856623652,COUGAR PAPER CORP,Debit,$100.00,2025-11-28,Success
2025-12-03,234,C01,28,01N1638166,0181794506,MARTIN R WALTERS,Debit,$0.00,2025-11-28,Success
2025-12-03,030,R01,28,05NT029410,1430004071288,JAMES C STILSON,Debit,$21.42,2025-11-28,Success
2025-12-03,030,R01,28,05NT029410,1430004071288,JAMES C STILSON,Debit,$158.58,2025-12-03,Success
2025-12-03,030,R01,28,05NT035179,1090702869,ANDREA C MCCOWAN,Debit,$117.43,2025-11-28,Success
2025-12-03,030,R01,28,05NT035812,0005199064276,RHONDA ROUSE,Debit,$128.00,2025-11-28,Success
2025-12-03,030,R01,28,05NT037595,0240074692,EBONI SMITH,Debit,$101.24,2025-11-28,Success
2025-12-03,030,R01,29,05NT040522,446002903552,AUTUMN DEANNA DAWN FRA,Debit,$141.73,2025-11-28,Success
2025-12-03,030,R01,28,05NT042057,9607410231,MAVIELA MEDRANO,Debit,$115.74,2025-11-28,Success
2025-12-03,030,R01,28,05NT048229,583535205,GIANA M O'NEAL,Debit,$196.88,2025-11-28,Success
2025-12-03,030,R01,28,05W1E17952,9997737623,MARIA SANCHEZ,Debit,$34.48,2025-11-28,Success
2025-12-03,030,R01,28,05W1E17953,9997737623,MARIA SANCHEZ,Debit,$37.01,2025-11-28,Success
2025-12-03,030,R16,29,05W1018775,60217548,SANDRA R VAREEN,Debit,$29.31,2025-11-28,Success
2025-12-03,432,R03,28,06N1E00889,102300954498,DEBORA MULLIGAN,Debit,$173.67,2025-11-28,Success
2025-12-03,432,R03,28,06N1E00890,101300954498,LEO W MULLIGAN,Debit,$83.83,2025-11-28,Success
2025-12-03,432,R01,29,06N1E29886,687697271,AVIVA ROSENFELD,Debit,$200.00,2025-11-28,Success
2025-12-03,432,R01,28,06N1E30210,000973006535,DAVID L CHAMBERLAIN,Debit,$608.08,2025-11-28,Success
2025-12-03,432,R01,28,06N1E46294,9894865030,VERONICA E RIVERA,Debit,$129.33,2025-11-28,Success
2025-12-03,432,R01,28,06N1E54193,36296342780,ARIAN HELM,Debit,$41.59,2025-11-28,Success
2025-12-03,432,R01,28,06N1021370,000209023785,MARLY LICETH REYES,Debit,$60.00,2025-11-28,Success
2025-12-03,432,R01,29,06N1026358,1464681715,BERLINDA FAYE HARPER-T,Debit,$350.00,2025-11-28,Success
2025-12-03,432,R01,28,06N1040776,705192139,EDWIN BLANCO,Debit,$54.00,2025-11-28,Success
2025-12-03,432,R01,28,06N1042341,3234838344,MARIA BETANCOURT,Debit,$39.49,2025-11-28,Success
2025-12-03,432,R01,28,06N1051672,7100500144,ASHLEY NICOLE TORRES,Debit,$49.17,2025-11-28,Success
2025-12-03,432,R01,28,06N1063751,0318409016,AI THAN,Debit,$44.49,2025-11-28,Success
2025-12-03,432,R02,28,06N1074771,110337117,TAYLOR L MOULIOS,Debit,$50.00,2025-11-28,Success
2025-12-03,432,R01,28,06N1077631,000209023785,MARLY LICETH REYES,Debit,$60.00,2025-11-28,Success
2025-12-03,432,R01,28,06N1088558,6937682620,NORMA MACIAS,Debit,$500.00,2025-11-28,Success
2025-12-03,432,R01,28,06N1091291,325140376298,MAIRA BARRIOS SANTOS,Debit,$95.00,2025-11-28,Success
2025-12-03,432,R01,28,06N1092981,1674388705,ABRAHAM GUTIERREZ,Debit,$127.36,2025-11-28,Success
2025-12-03,432,R01,28,06N1095695,1010046069586,ANGELA MARIE MORAD,Debit,$150.00,2025-11-28,Success
2025-12-03,432,R01,29,06N1100841,5770137042,MARIA DIAZ,Debit,"$2,482.32",2025-11-28,Success
2025-12-03,432,R01,28,06N1105578,325033662116,EMMA ESTRADA,Debit,$155.00,2025-11-28,Success
2025-12-03,432,R01,28,06N1107483,325008015594,JARROD FAVORS,Debit,$37.00,2025-11-28,Success
2025-12-03,432,R01,28,06N1111190,1680728738,FRANK S VEGA,Debit,$56.06,2025-11-28,Success
2025-12-03,432,R02,28,06N1118203,412201743,JOSEPH PALMER,Debit,$900.00,2025-11-28,Success
2025-12-03,432,R01,28,06N1119499,766662401898,ROSA SOTO,Debit,$262.32,2025-11-28,Success
2025-12-03,432,R01,28,06N1120971,483016299642,JULIANA DE MELO,Debit,$245.48,2025-11-28,Success
2025-12-03,432,R01,28,06N1127400,816182429,SUZANNA K SEXTON,Debit,$300.00,2025-11-28,Success
2025-12-03,432,R01,28,06W1073881,5682726442,OSCAR ARDON,Debit,$198.80,2025-11-28,Success
2025-12-03,432,C02,1,06N1E26565,3397775,CASSANDRA KEMP,Debit,$0.00,2025-12-01,Success
2025-12-03,432,C02,1,06N1E26659,3397775,HOMER E KEMP,Debit,$0.00,2025-12-01,Success
2025-12-02,234,R08,27,01N1A53377,1010297842196,YVONNE F ARCHIBALD,Debit,$57.33,2025-11-26,Success
2025-12-02,234,R01,29,01N1A87852,00200042372405,ZELIA W BROWN,Debit,$138.41,2025-11-28,Success
2025-12-02,234,R01,27,01N1E01847,197769839,JOCELYN VIAU,Debit,$122.21,2025-11-26,Success
2025-12-02,234,R10,18,01N1E34037,4603474289,MAGDALENA EWA LYSEK,Debit,$69.25,2025-11-15,Success
2025-12-02,234,R01,27,01N1E78189,1010129382601,MACKENZIE BERGLUND,Debit,$96.00,2025-11-26,Success
2025-12-02,234,R04,28,01N1182325,184800000,VICKI L GASSNER,Debit,$175.00,2025-11-28,Success
2025-12-02,234,R10,27,01N1302533,0002912970,ROSEMARY CUNDIEFF,Debit,$41.90,2025-11-26,Success
2025-12-02,234,R10,25,01N1361668,800194763,OBERLIN D FONSECA,Debit,$100.00,2025-11-24,Success
2025-12-02,234,R10,26,01N1473257,1127218624,KEVIN T JOHNSON,Debit,$60.00,2025-11-25,Success
2025-12-02,234,R10,22,01N1473261,1127218624,KEVIN T JOHNSON,Debit,$60.00,2025-11-21,Success
2025-12-02,234,R01,28,01N1569221,612311522,MICHAEL T NELSON,Debit,$65.83,2025-11-28,Success
2025-12-02,234,R02,28,01N1592720,7283625,ANDREA NELSON,Debit,$46.73,2025-11-28,Success
2025-12-02,234,R10,26,01N1732266,466076929,PEKKA HEISKANEN,Debit,$138.00,2025-11-25,Success
2025-12-02,234,R03,29,01N1739244,159001345100,JOHN MOULLIET GILBERT,Debit,$290.00,2025-11-28,Success
2025-12-02,234,R01,27,01N1752632,1210005957972,KAREN LORANE WISE,Debit,$42.50,2025-11-26,Success
2025-12-02,234,R10,27,01N1784104,978967487,JIELIANG SU,Debit,$149.13,2025-11-26,Success
2025-12-02,234,R10,27,01N1790747,1000181458976,PATRICIA MARTIANO,Debit,$37.25,2025-11-26,Success
2025-12-02,234,R10,27,01N1793326,3081020005,SANDRA L ROBINSON-WOLF,Debit,$140.00,2025-11-26,Success
2025-12-02,234,R08,27,01N2E08964,3873498874,MARIA B MEJIA,Debit,$250.00,2025-11-26,Success
2025-12-02,234,R03,29,01N2E15225,000000040467,ROY L HALFORD,Debit,$110.00,2025-11-28,Success
2025-12-02,234,C02,28,01N1A03704,15298452,WILLIAM J MINNEHAN,Debit,$0.00,2025-11-28,Success
2025-12-02,234,C01,27,01N1A49502,0901159491,VICKI S HALLETT,Debit,$0.00,2025-11-26,Success
2025-12-02,234,C02,28,01N1135505,0971067749,TRINA M MONTOYA,Debit,$0.00,2025-11-28,Success
2025-12-02,030,R02,29,05NT034187,5304255666,MARGARET MARJAMA,Debit,$71.51,2025-11-28,Success
2025-12-02,030,R01,27,05W1E10912,153553056109,GABRIEL A TACKER,Debit,$25.13,2025-11-26,Success
2025-12-02,030,R08,27,05W1030768,3495494852,NGA HUYEN NGUYEN,Debit,$38.60,2025-10-30,Success
2025-12-02,030,R01,27,05W1061134,5101339858,CARL MEYERS,Debit,$44.67,2025-11-26,Success
2025-12-02,030,R02,27,05W1061252,150836135,VE'SHEENA A WALTON,Debit,$22.84,2025-11-26,Success
2025-12-02,432,R02,28,06N1E12107,4879028755251,KRISTIN K JACOBSEN,Debit,$50.00,2025-11-28,Success
2025-12-02,432,R01,27,06N1E25534,0135297184,JULIE J GREENE,Debit,$147.00,2025-11-26,Success
2025-12-02,432,R01,28,06N1E27350,1130000609142,JACQUELINE CONTRERAS,Debit,$57.70,2025-11-28,Success
2025-12-02,432,R01,27,06N1E27806,617049945,JAMES LARSON,Debit,$92.04,2025-11-26,Success
2025-12-02,432,R09,27,06N1E40233,1110021487167,JASON HIRSH,Debit,$36.72,2025-11-26,Success
2025-12-02,432,R01,27,06N1E48795,36076084200,FERNANDO J PUMA,Debit,$156.00,2025-11-26,Success
2025-12-02,432,R10,28,06N1E49731,36339104193,CIPRIANO SORTO,Debit,$145.00,2025-11-28,Success
2025-12-02,432,R01,28,06N1E51011,407406512,PATRICIA G VILLARREAL,Debit,$36.00,2025-11-28,Success
2025-12-02,432,R01,28,06N1E52062,6299410,JESSICA CALAWAY,Debit,$35.79,2025-11-28,Success
2025-12-02,432,R01,28,06N1021125,770000130142,LAUREN KN ABBOTT,Debit,$35.75,2025-11-28,Success
2025-12-02,432,R01,29,06N1021127,770000130142,LAUREN K ABBOTT,Debit,$35.08,2025-11-28,Success
2025-12-02,432,R03,28,06N1041051,4431392,BARBARA LASSO,Debit,$65.00,2025-11-28,Success
2025-12-02,432,R01,28,06N1067355,70007181890595,LATRISHA DICKSON,Debit,$128.93,2025-12-01,Success
2025-12-02,432,R01,27,06N1070035,385020284990,NORMAN C WOODY,Debit,$173.64,2025-11-26,Success
2025-12-02,432,R01,27,06N1073188,42012969574,DAVID A ANGELES,Debit,$136.50,2025-11-26,Success
2025-12-02,432,R10,24,06N1074035,685282027,PHUONG NGUYEN,Debit,$90.00,2025-11-24,Success
2025-12-02,432,R07,23,06N1076042,400777376708,JOSEPHINE C DUENAS,Debit,$116.00,2025-11-24,Success
2025-12-02,432,R01,27,06N1090190,36117059240,KIM WALTERS,Debit,$200.00,2025-11-26,Success
2025-12-02,432,R01,27,06N1110871,833362699,NICHOLE GOSS,Debit,$64.44,2025-11-28,Success
2025-12-02,432,R03,29,06N1113981,1012764,SHAUNDRA JUNIEL,Debit,$49.55,2025-11-28,Success
2025-12-02,432,R01,27,06W1046676,1210377812,MARK W DANIEL,Debit,$352.89,2025-11-26,Success
2025-12-01,234,R11,10,01N1A16957,3779060478,FRANK E KOHLER,Debit,$400.00,2025-11-10,Success
2025-12-01,234,R02,23,01N1A20030,0050118280,SENE SIYAJUCK,Debit,$186.52,2025-11-24,Success
2025-12-01,234,R03,26,01N1A56484,58718560,MICHAEL J KHOURI,Debit,$350.00,2025-11-25,Success
2025-12-01,234,R08,25,01N1A68145,1010068119469,MICHAEL A COOK,Debit,$60.00,2025-11-24,Success
2025-12-01,234,R16,25,01N1E17067,153660307825,PATRICK J FINERTY,Debit,$124.50,2025-11-24,Success
2025-12-01,234,R08,26,01N1E42081,3677190633,DEANNA M FRANCIS,Debit,$62.29,2025-11-25,Success
2025-12-01,234,R01,24,01N1E59530,009488901937,EULALIO CONTRERAS,Debit,$100.00,2025-11-24,Success
2025-12-01,234,R01,25,01N1E77926,469464510,KRYSTAL DUVALL,Debit,$36.00,2025-11-24,Success
2025-12-01,234,R01,25,01N1E77927,469464510,KRYSTAL D DUVALL,Debit,$42.00,2025-11-24,Success
2025-12-01,234,R01,25,01N1E77928,469464510,KRYSTAL DUVALL,Debit,$42.00,2025-11-24,Success
2025-12-01,234,R01,25,01N1E77937,469464510,KRYSTAL DUVALL,Debit,$150.00,2025-11-24,Success
2025-12-01,234,R01,26,01N1E87416,036139530497,NINA S YALLA,Debit,$160.00,2025-11-25,Success
2025-12-01,234,R01,23,01N1E92866,40044114730,MARIA L GUERRERO,Debit,$150.00,2025-11-24,Success
2025-12-01,234,R01,23,01N1E98724,000521176692,JESUS PANO ROBLES,Debit,$186.00,2025-11-24,Success
2025-12-01,234,R02,27,01N1062909,10050007050844,ROLAND P CAMPOS,Debit,$75.00,2025-11-26,Success
2025-12-01,234,R08,25,01N1098466,7287370584,JOHN T ALIOTH,Debit,$100.00,2025-10-28,Success
2025-12-01,234,R02,24,01N1130658,5154787,ROBERT C BIRKBECK,Debit,$73.06,2025-11-24,Success
2025-12-01,234,R01,23,01N1162583,70116066,HIEN V VO,Debit,$113.75,2025-11-24,Success
2025-12-01,234,R01,23,01N1171716,0026043393,CLIFTON STEVENSON,Debit,$262.33,2025-11-24,Success
2025-12-01,234,R01,25,01N1201805,0092404618,SILVIA REYES,Debit,$75.38,2025-11-24,Success
2025-12-01,234,R02,26,01N1223342,0433909352,VANUI MANUKIAN,Debit,$190.00,2025-11-25,Success
2025-12-01,234,R02,27,01N1369131,00216374,DAVID A MURPHY,Debit,$165.00,2025-11-26,Success
2025-12-01,234,R01,24,01N1371250,6854976106,ANITA V WILLIAMS,Debit,$95.00,2025-11-24,Success
2025-12-01,234,R01,25,01N1374591,5324903495,CECILIA ACQUAH,Debit,$98.12,2025-11-24,Success
2025-12-01,234,R01,25,01N1378196,4206985237,ZACHARY A QURESHI,Debit,$27.75,2025-11-24,Success
2025-12-01,234,R16,26,01N1424791,6700932337,CONSUELO GARCIA,Debit,$134.83,2025-11-25,Success
2025-12-01,234,R01,23,01N1429261,0041109286,ANA I LABRADOR,Debit,$50.00,2025-11-24,Success
2025-12-01,234,R01,25,01N1430219,681879958,ANGELA M SONNIER,Debit,$50.00,2025-11-24,Success
2025-12-01,234,R01,25,01N1430219,681879958,ANGELA M SONNIER,Debit,$30.00,2025-12-01,Success
2025-12-01,234,R08,26,01N1447174,000010024206,TERESA A GALLUCCI,Debit,$300.00,2025-11-25,Success
2025-12-01,234,R01,23,01N1504007,166291190196,NORA S BAUMAN,Debit,$210.00,2025-11-24,Success
2025-12-01,234,R08,23,01N1525405,2681018483,PLACIDA DESOTO,Debit,$104.17,2025-11-24,Success
2025-12-01,234,R03,27,01N1525845,9003296259,VICTOR H SANCHEZ,Debit,$100.00,2025-11-26,Success
2025-12-01,234,R03,23,01N1531898,709290805071,TONGMA HERR,Debit,$88.66,2025-11-24,Success
2025-12-01,234,R08,25,01N1570828,8609069235,TUAT T HO,Debit,$70.00,2025-11-24,Success
2025-12-01,234,R01,25,01N1577500,153503892041,PERLA GOMEZ,Debit,$55.00,2025-11-24,Success
2025-12-01,234,R08,26,01N1587089,325112539966,ADELAIDE ARSOLON CADAW,Debit,$100.00,2025-11-25,Success
2025-12-01,234,R08,26,01N1604928,2785071336,TEODULO CORDOBA,Debit,$114.58,2025-11-25,Success
2025-12-01,234,R08,24,01N1616130,2441814494,TIFFANY M BROTHERTON,Debit,$59.50,2025-11-24,Success
2025-12-01,234,R03,25,01N1619359,0001686807,ILDEFONSO P GOROSPE,Debit,$207.58,2025-11-24,Success
2025-12-01,234,R10,16,01N1649210,002666141584,VIVIANA SYLVIA HERNAND,Debit,$97.00,2025-11-15,Success
2025-12-01,234,R01,24,01N1664949,2117004107,CELIA PINEDO,Debit,$64.92,2025-11-24,Success
2025-12-01,234,R01,23,01N1675527,004884428341,MARCELLUS DUKE,Debit,$820.00,2025-11-24,Success
2025-12-01,234,R10,18,01N1675964,381000632090,TATIANA X SAAVEDRA,Debit,$90.00,2025-11-15,Success
2025-12-01,234,R16,26,01N1683018,7034864376,JAMES W HOLSTON,Debit,$160.00,2025-11-25,Success
2025-12-01,234,R01,25,01N1687170,0092903244,JAMES PEELER,Debit,$32.00,2025-11-24,Success
2025-12-01,234,R01,26,01N1687174,0092903244,JAMES PEELER,Debit,$29.50,2025-11-25,Success
2025-12-01,234,R01,23,01N1687177,0092903244,JAMES PEELER,Debit,$40.00,2025-11-24,Success
2025-12-01,234,R03,25,01N1689310,320009702121,RICHARD A BROWN,Debit,$110.00,2025-11-24,Success
2025-12-01,234,R01,24,01N1694946,9361048849,IMANI N WILLIAMS-VAUGH,Debit,$143.00,2025-11-24,Success
2025-12-01,234,R01,25,01N1698617,469464510,KRYSTAL D DUVALL,Debit,$30.00,2025-11-24,Success
2025-12-01,234,R01,25,01N1698622,469464510,KRYSTAL DUVALL,Debit,$35.00,2025-11-24,Success
2025-12-01,234,R10,21,01N1706689,1089641565,MAILE WILLIAMS,Debit,$65.92,2025-11-20,Success
2025-12-01,234,R10,22,01N1706700,1089641565,MAILE WILLIAMS,Debit,$60.00,2025-11-21,Success
2025-12-01,234,R01,24,01N1715169,381041380330,ANDERSON AZEREDO MORAI,Debit,$300.00,2025-11-24,Success
2025-12-01,234,R10,25,01N1735989,897667868,PATRICIA L DAY,Debit,$100.00,2025-11-24,Success
2025-12-01,234,R08,24,01N1767842,381018111354,AISHA MAZHAR,Debit,$125.00,2025-11-24,Success
2025-12-01,234,R08,24,01N1774207,305001194681,STEPHANIE R GARZA,Debit,$136.67,2025-11-24,Success
2025-12-01,234,R01,24,01N1779932,7127595150,LINDA BELIZAIRE,Debit,$103.00,2025-11-24,Success
2025-12-01,234,R01,24,01N1789902,000003772153079,DEBORAH M EPPS-KINSEY,Debit,$200.00,2025-11-24,Success
2025-12-01,234,R01,23,01N2E08934,151700014328,WENDY DAYLEY,Debit,$375.00,2025-11-24,Success
2025-12-01,234,R01,26,01N2E12421,435005669561,CATALINA MURCIA,Debit,$58.00,2025-11-25,Success
2025-12-01,234,R29,23,01N2E14606,3709220770,LUIS F NAVARRO,Debit,$350.00,2025-11-24,Success
2025-12-01,234,C02,27,01N1082469,0101024081,JAMES E LEE,Debit,$0.00,2025-11-26,Success
2025-12-01,234,C01,25,01N1138704,90059170002,EUNICE L CULBERT,Debit,$0.00,2025-11-24,Success
2025-12-01,234,C01,26,01N1677464,90158747007,OLIVIA WILLIAMS,Debit,$0.00,2025-11-25,Success
2025-12-01,234,C01,4,01N1068719,101613928098,MELVIN M MARTIN,Credit,$0.00,2025-12-01,Success
2025-12-01,030,R01,26,05NTE18224,0004112106,BRIAN PALATAS,Debit,$165.67,2025-11-25,Success
2025-12-01,030,R01,24,05NTE20916,000549753966,VIHN Q HONG,Debit,$108.85,2025-11-24,Success
2025-12-01,030,R01,23,05NTE21929,7502444483,BARBARA A SMITH,Debit,$135.51,2025-11-24,Success
2025-12-01,030,R01,25,05NT025641,428730845,FRANK EVANS,Debit,"$1,079.86",2025-11-24,Success
2025-12-01,030,R01,23,05NT031889,381000298308,ABEL CAMILO,Debit,$96.35,2025-11-24,Success
2025-12-01,030,R01,25,05NT031923,5733073413,KEVIN MATTHEW JONES,Debit,$135.00,2025-11-24,Success
2025-12-01,030,R10,23,05NT037259,1776349480,ALICIA M MASKE,Debit,$86.73,2025-11-24,Success
2025-12-01,030,R01,23,05NT038756,1010244227081,JUVENTINO RUANO,Debit,$103.72,2025-11-24,Success
2025-12-01,030,R01,24,05NT040344,7030868959,MICHAEL D BURROUGHS,Debit,$185.02,2025-11-24,Success
2025-12-01,030,R01,26,05NT052770,325074514951,KOU YANG,Debit,$59.23,2025-11-25,Success
2025-12-01,030,R01,23,05NT055082,463729269,ARNOLDO RAMIREZ,Debit,$34.55,2025-11-24,Success
2025-12-01,030,R01,26,05W1E12481,1355536676,ESTATE OF LEANDER VINE,Debit,$54.69,2025-11-25,Success
2025-12-01,030,R08,25,05W1015342,004469928868,VENA DREHER,Debit,$21.98,2025-10-29,Success
2025-12-01,030,R02,25,05W1032566,1000094666905,JUSTIN PAXTON,Debit,$39.99,2025-11-24,Success
2025-12-01,030,R01,26,05W1035552,354000172794,PETER FUSZ,Debit,$36.05,2025-11-25,Success
2025-12-01,030,R01,23,05W1036804,1990074311,BRANDI REED,Debit,$23.08,2025-11-24,Success
2025-12-01,030,R01,24,05W1036810,1990074311,BRANDI REED,Debit,$21.88,2025-11-24,Success
2025-12-01,030,R01,25,05W1066654,002917922664,MARIA SANCHEZ,Debit,$47.73,2025-11-24,Success
2025-12-01,432,R08,25,06N1E04591,1504194422,NHUNG T NGUYEN,Debit,$106.25,2025-11-24,Success
2025-12-01,432,R01,24,06N1E09584,153754992698,NOHEMA SANCHEZ-VALENCI,Debit,$35.00,2025-11-24,Success
2025-12-01,432,R01,25,06N1E12889,157500843741,FRANCISCO MEDINA CORNE,Debit,$138.00,2025-11-24,Success
2025-12-01,432,R01,25,06N1E12890,157500843741,ELPIDA NUNES-ALEMAN,Debit,$86.00,2025-11-24,Success
2025-12-01,432,R01,25,06N1E12892,157500843741,GABRIELA MEDINA,Debit,$31.00,2025-11-24,Success
2025-12-01,432,R01,25,06N1E12893,157500843741,ENOC MEDINA,Debit,$42.75,2025-11-24,Success
2025-12-01,432,R16,24,06N1E14932,8843729941,JESSICA PACHECO,Debit,$104.00,2025-11-24,Success
2025-12-01,432,R01,25,06N1E15022,157500843741,STEVEN MEDINA,Debit,$35.00,2025-11-24,Success
2025-12-01,432,R01,23,06N1E20112,381012883824,SAUL LUZEUS,Debit,$105.00,2025-11-24,Success
2025-12-01,432,R01,23,06N1E23489,557255640,KAITLYN NICOLE PICCIRI,Debit,$48.38,2025-11-24,Success
2025-12-01,432,R01,24,06N1E33810,6935912763,ANDROMEDA CORTES,Debit,$145.00,2025-11-24,Success
2025-12-01,432,R10,25,06N1E37109,3605327593,IRENE VEGA,Debit,$50.74,2025-11-24,Success
2025-12-01,432,R01,25,06N1E44949,3964631547,ALICIA ROBLES,Debit,$83.06,2025-11-24,Success
2025-12-01,432,R01,26,06N1E47653,420809464,ALISHA A BRICE,Debit,$250.98,2025-11-25,Success
2025-12-01,432,R01,23,06N1E47781,229055628357,CLAIRE ANNE SOPHIA BAZ,Debit,$62.34,2025-11-24,Success
2025-12-01,432,R01,23,06N1E51295,4697097583,BRITTNEY PULLUM,Debit,$94.64,2025-11-24,Success
2025-12-01,432,R08,25,06N1E58975,9031785604,ANA C ANTOLIN,Debit,$100.00,2025-11-24,Success
2025-12-01,432,R01,23,06N1015675,229025063421,SIXELA SOCAS PEREIRA,Debit,$94.67,2025-11-24,Success
2025-12-01,432,R01,25,06N1018458,586014090287,TAIWO T OLADOKUN,Debit,$151.00,2025-11-24,Success
2025-12-01,432,R01,25,06N1018687,1355341344,OLUNIKE ADEAGA,Debit,$200.00,2025-11-24,Success
2025-12-01,432,R01,26,06N1021901,000153407423,GREGORY ROCHA,Debit,$226.00,2025-11-25,Success
2025-12-01,432,R16,26,06N1024338,157520129295,BENITA REYES,Debit,$52.69,2025-11-25,Success
2025-12-01,432,R01,26,06N1036808,1264314707,MARLA KELLY,Debit,$118.31,2025-11-25,Success
2025-12-01,432,R01,26,06N1045404,1675168055,AMANDA WRAE COPPOLA,Debit,$66.84,2025-11-25,Success
2025-12-01,432,R08,24,06N1053320,4863354399,SEJUNG YI,Debit,$40.50,2025-11-24,Success
2025-12-01,432,R08,24,06N1058889,4863354399,SE JUNG YI,Debit,$60.00,2025-11-24,Success
2025-12-01,432,R08,24,06N1059353,4863354399,SEJUNG YI,Debit,$35.00,2025-11-24,Success
2025-12-01,432,R01,25,06N1069092,001333801697,ROSA M CABRERA,Debit,$194.00,2025-11-24,Success
2025-12-01,432,R01,23,06N1069323,536271957,JENNY CHAN,Debit,$246.55,2025-11-24,Success
2025-12-01,432,R01,25,06N1070722,8782143583,LINDA GARCIA,Debit,$45.26,2025-11-24,Success
2025-12-01,432,R01,26,06N1078052,297523752,RENARD RIGAUD,Debit,$175.00,2025-11-25,Success
2025-12-01,432,R01,23,06N1078926,865512110,ROCKIE TERRELL WHITE,Debit,$43.50,2025-11-24,Success
2025-12-01,432,R01,24,06N1080406,6831261872,ANA QUINTANILLA,Debit,$93.00,2025-11-24,Success
2025-12-01,432,R01,25,06N1087265,1000196319593,MARYSE DANIEL,Debit,$91.58,2025-11-24,Success
2025-12-01,432,R03,27,06N1088457,501004214727,NHAT PHUNG,Debit,$76.42,2025-11-26,Success
2025-12-01,432,R01,26,06N1100126,000000195256506,KATHERINE GAA,Debit,$68.90,2025-11-25,Success
2025-12-01,432,R01,26,06N1105058,325094105052,KWAN SEOB SHIN,Debit,$80.00,2025-11-25,Success
2025-12-01,432,R01,25,06N1112205,325113286467,MARIA RICA SONGCO,Debit,$70.00,2025-11-24,Success
2025-12-01,432,R01,24,06N1117642,4357456023,MICHAEL GIAMMARINO,Debit,$623.57,2025-11-24,Success
2025-12-01,432,R01,25,06N1120960,80000653197,DAVID SECCHITANO,Debit,$214.82,2025-11-24,Success
2025-12-01,432,R01,27,06W1061332,1325540,COURTNI C GIBSON,Debit,$78.05,2025-11-26,Success
